ERNntr,Pathogen,DateEntered,DateModified,LogMaxDose,HostStageTested,Host,Group,HighTaxon,LowTaxon,Order,Family
1,Plusia gamma NPV (PgSNPV),1/25/2096,12/28/2000,4 pibs/larva,Larva,Agrotis segetum,Viruses,DNA virus,Baculoviridae,Lepidoptera,Noctuidae
2,Pieris brassicae GV,1/25/2096,2/12/2099,6 pibs/larva,Larva,Agrotis segetum,Viruses,DNA virus,Baculoviridae,Lepidoptera,Noctuidae
3,Plusia gamma NPV (PgSNPV),1/25/2096,12/13/2000,4 pibs/larva,Larva,Agrotis exclamationis,Viruses,DNA virus,Baculoviridae,Lepidoptera,Noctuidae
4,Pieris brassicae GV,1/25/2096,2/12/2099,6 pibs/larva,Larva,Agrotis exclamationis,Viruses,DNA virus,Baculoviridae,Lepidoptera,Noctuidae
5,Pieris brassicae GV,1/25/2096,2/12/2099,6 pibs/larva,Larva,Agrotis exclamationis,Viruses,DNA virus,Baculoviridae,Lepidoptera,Noctuidae
6,Plusia gamma NPV (PgSNPV),1/25/2096,12/13/2000,4 pibs/larva,Larva,Noctua pronuba,Viruses,DNA virus,Baculoviridae,Lepidoptera,Noctuidae
7,Pieris brassicae GV,1/25/2096,2/12/2099,6 pibs/larva,Larva,Noctua pronuba,Viruses,DNA virus,Baculoviridae,Lepidoptera,Noctuidae
8,Plusia gamma NPV (PgSNPV),1/25/2096,12/13/2000,4 pibs/larva,Larva,Mamestra brassicae,Viruses,DNA virus,Baculoviridae,Lepidoptera,Noctuidae
9,Agrotis segetum GV,1/25/2096,2/12/2099,6 pibs/larva,Larva,Mamestra brassicae,Viruses,DNA virus,Baculoviridae,Lepidoptera,Noctuidae
10,Pieris brassicae GV,1/25/2096,2/12/2099,6 pibs/larva,Larva,Mamestra brassicae,Viruses,DNA virus,Baculoviridae,Lepidoptera,Noctuidae
11,Agrotis segetum NPV  (AsMNPV),1/25/2096,2/12/2099,4 pibs/larva,Larva,Lacanobia oleracea,Viruses,DNA virus,Baculoviridae,Lepidoptera,Noctuidae
12,Plusia gamma NPV (PgSNPV),1/25/2096,12/13/2000,4 pibs/larva,Larva,Lacanobia oleracea,Viruses,DNA virus,Baculoviridae,Lepidoptera,Noctuidae
13,Agrotis segetum GV,1/25/2096,2/12/2099,6 pibs/larva,Larva,Lacanobia oleracea,Viruses,DNA virus,Baculoviridae,Lepidoptera,Noctuidae
14,Pieris brassicae GV,1/25/2096,2/12/2099,6 pibs/larva,Larva,Lacanobia oleracea,Viruses,DNA virus,Baculoviridae,Lepidoptera,Noctuidae
15,Agrotis segetum NPV  (AsMNPV),1/25/2096,2/12/2099,4 pibs/larva,Larva,Autographa gamma,Viruses,DNA virus,Baculoviridae,Lepidoptera,Noctuidae
16,Agrotis segetum GV,1/25/2096,2/12/2099,6 pibs/larva,Larva,Autographa gamma,Viruses,DNA virus,Baculoviridae,Lepidoptera,Noctuidae
17,Mamestra brassicae NPV (MbMNPV),1/25/2096,12/13/2000,4 pibs/larva,Larva,Artogeia rapae,Viruses,DNA virus,Baculoviridae,,
18,Agrotis segetum NPV  (AsMNPV),1/25/2096,2/12/2099,4 pibs/larva,Larva,Artogeia rapae,Viruses,DNA virus,Baculoviridae,,
19,Plusia gamma NPV (PgSNPV),1/25/2096,12/13/2000,4 pibs/larva,Larva,Artogeia rapae,Viruses,DNA virus,Baculoviridae,,
20,Agrotis segetum GV,1/25/2096,2/12/2099,6 pibs/larva,Larva,Artogeia rapae,Viruses,DNA virus,Baculoviridae,,
21,Lymantria dispar NPV  (LdMNPV),1/25/2096,2/12/2099,5 pibs/insect,Larva,Choristoneura rosaceana,Viruses,DNA virus,Baculoviridae,Lepidoptera,Tortricidae
22,Lymantria dispar NPV  (LdMNPV),1/25/2096,2/12/2099,5 pibs/insect,Larva,Choristoneura fumiferana,Viruses,DNA virus,Baculoviridae,Lepidoptera,Tortricidae
23,Lymantria dispar NPV  (LdMNPV),1/25/2096,2/12/2099,5 pibs/insect,Larva,Artogeia napi,Viruses,DNA virus,Baculoviridae,Lepidoptera,Pieridae
24,Lymantria dispar NPV  (LdMNPV),1/25/2096,2/12/2099,5 pibs/insect,Larva,Phyciodes tharos,Viruses,DNA virus,Baculoviridae,Lepidoptera,Nymphalidae
25,Lymantria dispar NPV  (LdMNPV),1/25/2096,2/12/2099,5 pibs/insect,Larva,Ostrinia nubilalis,Viruses,DNA virus,Baculoviridae,Lepidoptera,Pyralidae
26,Lymantria dispar NPV  (LdMNPV),1/25/2096,2/12/2099,5 pibs/insect,Larva,Campaea perlata,Viruses,DNA virus,Baculoviridae,Lepidoptera,Geometridae
27,Lymantria dispar NPV  (LdMNPV),1/25/2096,2/12/2099,5 pibs/insect,Larva,Nemoria mimosaria,Viruses,DNA virus,Baculoviridae,Lepidoptera,Geometridae
28,Lymantria dispar NPV  (LdMNPV),1/25/2096,2/12/2099,5 pibs/insect,Larva,Orthonama obstipata,Viruses,DNA virus,Baculoviridae,Lepidoptera,Geometridae
29,Lymantria dispar NPV  (LdMNPV),1/25/2096,2/12/2099,5 pibs/insect,Larva,Horisme intestinata,Viruses,DNA virus,Baculoviridae,Lepidoptera,Geometridae
30,Lymantria dispar NPV  (LdMNPV),1/25/2096,2/12/2099,5 pibs/insect,Larva,Hyles gallii,Viruses,DNA virus,Baculoviridae,Lepidoptera,Sphingidae
31,Lymantria dispar NPV  (LdMNPV),1/25/2096,2/12/2099,5 pibs/insect,Larva,Estigmene acrea,Viruses,DNA virus,Baculoviridae,Lepidoptera,Arctiidae
32,Lymantria dispar NPV  (LdMNPV),1/25/2096,2/12/2099,5 pibs/insect,Larva,Spilosoma congrua,Viruses,DNA virus,Baculoviridae,Lepidoptera,Arctiidae
33,Lymantria dispar NPV  (LdMNPV),1/25/2096,2/12/2099,5 pibs/insect,Larva,Spilosoma virginica,Viruses,DNA virus,Baculoviridae,Lepidoptera,Arctiidae
34,Lymantria dispar NPV  (LdMNPV),1/25/2096,2/12/2099,5 pibs/insect,Larva,Spilosoma virginica,Viruses,DNA virus,Baculoviridae,Lepidoptera,Arctiidae
35,Lymantria dispar NPV  (LdMNPV),1/25/2096,2/12/2099,5 pibs/insect,Larva,Dasychira pinicola,Viruses,DNA virus,Baculoviridae,Lepidoptera,Lymantriidae
36,Lymantria dispar NPV  (LdMNPV),1/25/2096,2/12/2099,5 pibs/insect,Larva,Orgyia leucostigma,Viruses,DNA virus,Baculoviridae,Lepidoptera,Lymantriidae
37,Lymantria dispar NPV  (LdMNPV),1/25/2096,2/12/2099,5 pibs/insect,Larva,Orgyia pseudotsugata,Viruses,DNA virus,Baculoviridae,Lepidoptera,Lymantriidae
38,Lymantria dispar NPV  (LdMNPV),1/25/2096,2/12/2099,5 pibs/insect,Larva,Zanclognatha pedipilalis,Viruses,DNA virus,Baculoviridae,Lepidoptera,Noctuidae
39,Lymantria dispar NPV  (LdMNPV),1/25/2096,2/12/2099,5 pibs/insect,Larva,Autographa precationis,Viruses,DNA virus,Baculoviridae,Lepidoptera,Noctuidae
40,Lymantria dispar NPV  (LdMNPV),1/25/2096,2/12/2099,5 pibs/insect,Larva,Autographa flagellum,Viruses,DNA virus,Baculoviridae,Lepidoptera,Noctuidae
41,Lymantria dispar NPV  (LdMNPV),1/25/2096,2/12/2099,5 pibs/insect,Larva,Anagrapha falcifera,Viruses,DNA virus,Baculoviridae,Lepidoptera,Noctuidae
42,Lymantria dispar NPV  (LdMNPV),1/25/2096,2/12/2099,5 pibs/insect,Larva,Acronicta impleta,Viruses,DNA virus,Baculoviridae,Lepidoptera,Noctuidae
43,Lymantria dispar NPV  (LdMNPV),1/25/2096,2/12/2099,5 pibs/insect,Larva,Oligia illocata,Viruses,DNA virus,Baculoviridae,Lepidoptera,Noctuidae
44,Lymantria dispar NPV  (LdMNPV),1/25/2096,2/12/2099,5 pibs/insect,Larva,Phlogophora iris,Viruses,DNA virus,Baculoviridae,Lepidoptera,Noctuidae
45,Lymantria dispar NPV  (LdMNPV),1/25/2096,2/12/2099,5 pibs/insect,Larva,Hyppa xylinoides,Viruses,DNA virus,Baculoviridae,Lepidoptera,Noctuidae
46,Lymantria dispar NPV  (LdMNPV),1/25/2096,2/12/2099,5 pibs/insect,Larva,Platyperigea multifera,Viruses,DNA virus,Baculoviridae,Lepidoptera,Noctuidae
47,Lymantria dispar NPV  (LdMNPV),1/25/2096,2/12/2099,5 pibs/insect,Larva,Eupsilia tristigmata,Viruses,DNA virus,Baculoviridae,Lepidoptera,Noctuidae
48,Lymantria dispar NPV  (LdMNPV),1/25/2096,2/12/2099,5 pibs/insect,Larva,Polia latex,Viruses,DNA virus,Baculoviridae,Lepidoptera,Noctuidae
49,Lymantria dispar NPV  (LdMNPV),1/25/2096,2/12/2099,5 pibs/insect,Larva,Melanchra pulverulenta,Viruses,DNA virus,Baculoviridae,Lepidoptera,Noctuidae
50,Lymantria dispar NPV  (LdMNPV),1/25/2096,2/12/2099,5 pibs/insect,Larva,Lacanobia radix,Viruses,DNA virus,Baculoviridae,Lepidoptera,Noctuidae
51,Lymantria dispar NPV  (LdMNPV),1/25/2096,2/12/2099,5 pibs/insect,Larva,Lacanobia grandis,Viruses,DNA virus,Baculoviridae,Lepidoptera,Noctuidae
52,Lymantria dispar NPV  (LdMNPV),1/25/2096,2/12/2099,5 pibs/insect,Larva,Mythimna unipuncta,Viruses,DNA virus,Baculoviridae,,
53,Lymantria dispar NPV  (LdMNPV),1/25/2096,2/12/2099,5 pibs/insect,Larva,Leucania multilinea,Viruses,DNA virus,Baculoviridae,Lepidoptera,Noctuidae
54,Lymantria dispar NPV  (LdMNPV),1/25/2096,2/12/2099,5 pibs/insect,Larva,Orthosia revicta,Viruses,DNA virus,Baculoviridae,Lepidoptera,Noctuidae
55,Lymantria dispar NPV  (LdMNPV),1/25/2096,2/12/2099,5 pibs/insect,Larva,Crocigrapha normani,Viruses,DNA virus,Baculoviridae,Lepidoptera,Noctuidae
56,Lymantria dispar NPV  (LdMNPV),1/25/2096,2/12/2099,5 pibs/insect,Larva,Homorthodes furfurata,Viruses,DNA virus,Baculoviridae,Lepidoptera,Noctuidae
57,Lymantria dispar NPV  (LdMNPV),1/25/2096,2/12/2099,5 pibs/insect,Larva,Agrotis ipsilon,Viruses,DNA virus,Baculoviridae,Lepidoptera,Noctuidae
58,Lymantria dispar NPV  (LdMNPV),1/25/2096,2/12/2099,5 pibs/insect,Larva,Peridroma saucia,Viruses,DNA virus,Baculoviridae,Lepidoptera,Noctuidae
59,Lymantria dispar NPV  (LdMNPV),1/25/2096,2/12/2099,5 pibs/insect,Larva,Diarsia rubifera,Viruses,DNA virus,Baculoviridae,Lepidoptera,Noctuidae
60,Lymantria dispar NPV  (LdMNPV),1/25/2096,2/12/2099,5 pibs/insect,Larva,Diarsia jucunda,Viruses,DNA virus,Baculoviridae,Lepidoptera,Noctuidae
61,Lymantria dispar NPV  (LdMNPV),1/25/2096,2/12/2099,5 pibs/insect,Larva,Xestia adela,Viruses,DNA virus,Baculoviridae,Lepidoptera,Noctuidae
62,Lymantria dispar NPV  (LdMNPV),1/25/2096,2/12/2099,5 pibs/insect,Larva,Xestia smithii,Viruses,DNA virus,Baculoviridae,Lepidoptera,Noctuidae
63,Lymantria dispar NPV  (LdMNPV),1/25/2096,2/12/2099,5 pibs/insect,Larva,Metalepsis salicarum,Viruses,DNA virus,Baculoviridae,Lepidoptera,Noctuidae
64,Lymantria dispar NPV  (LdMNPV),1/25/2096,2/12/2099,5 pibs/insect,Larva,Anaplectoides pressus,Viruses,DNA virus,Baculoviridae,Lepidoptera,Noctuidae
65,Lymantria dispar NPV  (LdMNPV),1/25/2096,2/12/2099,5 pibs/insect,Larva,Eueretagrotis attenta,Viruses,DNA virus,Baculoviridae,Lepidoptera,Noctuidae
66,Lymantria dispar NPV  (LdMNPV),1/25/2096,2/12/2099,5 pibs/insect,Larva,Cryptocala acadiensis,Viruses,DNA virus,Baculoviridae,Lepidoptera,Noctuidae
67,Lymantria dispar NPV  (LdMNPV),1/25/2096,2/12/2099,5 pibs/insect,Larva,Pyrrhia exprimens,Viruses,DNA virus,Baculoviridae,Lepidoptera,Noctuidae
68,Lymantria dispar NPV  (LdMNPV),1/25/2096,2/12/2099,5 pibs/insect,Adult,Cyrtophleba coquilletti,Viruses,DNA virus,Baculoviridae,Diptera,Tachinidae
69,Lymantria dispar NPV  (LdMNPV),1/25/2096,2/12/2099,5 pibs/insect,Adult,Megachile rotundata,Viruses,DNA virus,Baculoviridae,Hymenoptera,Megachilidae
70,Mamestra brassicae NPV (MbMNPV),1/25/2096,12/13/2000,6 pibs/larva,Larva,Boloria uphrosyne,Viruses,DNA virus,Baculoviridae,Lepidoptera,Nymphalidae
71,Mamestra brassicae NPV (MbMNPV),1/25/2096,12/13/2000,6 pibs/larva,Larva,Clossiana selene,Viruses,DNA virus,Baculoviridae,Lepidoptera,Nymphalidae
72,Mamestra brassicae NPV (MbMNPV),1/25/2096,12/13/2000,6 pibs/larva,Larva,Pararge aegeria,Viruses,DNA virus,Baculoviridae,Lepidoptera,Nymphalidae
73,Mamestra brassicae NPV (MbMNPV),1/25/2096,12/13/2000,6 pibs/larva,Larva,Polyommatus icarus,Viruses,DNA virus,Baculoviridae,Lepidoptera,Lycaenidae
74,Mamestra brassicae NPV (MbMNPV),1/25/2096,12/13/2000,6 pibs/larva,Larva,Pieris brassicae,Viruses,DNA virus,Baculoviridae,Lepidoptera,Pieridae
75,Mamestra brassicae NPV (MbMNPV),1/25/2096,12/13/2000,6 pibs/larva,Larva,Malacosoma neustria,Viruses,DNA virus,Baculoviridae,Lepidoptera,Lasiocampidae
76,Mamestra brassicae NPV (MbMNPV),1/25/2096,12/13/2000,6 pibs/larva,Larva,Philudoria potatoria,Viruses,DNA virus,Baculoviridae,Lepidoptera,Lasiocampidae
77,Mamestra brassicae NPV (MbMNPV),1/25/2096,12/13/2000,6 pibs/larva,Larva,Saturnia pavonia,Viruses,DNA virus,Baculoviridae,Lepidoptera,Saturniidae
78,Mamestra brassicae NPV (MbMNPV),1/25/2096,12/13/2000,6 pibs/larva,Larva,Cyclophora linearia,Viruses,DNA virus,Baculoviridae,Lepidoptera,Geometridae
79,Mamestra brassicae NPV (MbMNPV),1/25/2096,12/13/2000,6 pibs/larva,Larva,Idaea aversata,Viruses,DNA virus,Baculoviridae,Lepidoptera,Geometridae
80,Mamestra brassicae NPV (MbMNPV),1/25/2096,12/13/2000,6 pibs/larva,Larva,Orthonama obstipata,Viruses,DNA virus,Baculoviridae,Lepidoptera,Geometridae
81,Mamestra brassicae NPV (MbMNPV),1/25/2096,12/13/2000,6 pibs/larva,Larva,Dysstroma truncata,Viruses,DNA virus,Baculoviridae,Lepidoptera,Geometridae
82,Mamestra brassicae NPV (MbMNPV),1/25/2096,12/13/2000,6 pibs/larva,Larva,Opisthograptis luteolata,Viruses,DNA virus,Baculoviridae,Lepidoptera,Geometridae
83,Mamestra brassicae NPV (MbMNPV),1/25/2096,12/13/2000,6 pibs/larva,Larva,Menophra abruptaria,Viruses,DNA virus,Baculoviridae,Lepidoptera,Geometridae
84,Mamestra brassicae NPV (MbMNPV),1/25/2096,12/13/2000,6 pibs/larva,Larva,Acherontia atropos,Viruses,DNA virus,Baculoviridae,Lepidoptera,Sphingidae
85,Mamestra brassicae NPV (MbMNPV),1/25/2096,12/13/2000,6 pibs/larva,Larva,Mimas tiliae,Viruses,DNA virus,Baculoviridae,Lepidoptera,Sphingidae
86,Mamestra brassicae NPV (MbMNPV),1/25/2096,12/13/2000,6 pibs/larva,Larva,Smerinthus ocellata,Viruses,DNA virus,Baculoviridae,Lepidoptera,Sphingidae
87,Mamestra brassicae NPV (MbMNPV),1/25/2096,12/13/2000,6 pibs/larva,Larva,Hyles euphorbiae,Viruses,DNA virus,Baculoviridae,Lepidoptera,Sphingidae
88,Mamestra brassicae NPV (MbMNPV),1/25/2096,12/13/2000,6 pibs/larva,Larva,Deilephila elpenor,Viruses,DNA virus,Baculoviridae,Lepidoptera,Sphingidae
89,Mamestra brassicae NPV (MbMNPV),1/25/2096,12/13/2000,6 pibs/larva,Larva,Deilephila elpenor,Viruses,DNA virus,Baculoviridae,Lepidoptera,Sphingidae
90,Mamestra brassicae NPV (MbMNPV),1/25/2096,12/13/2000,6 pibs/larva,Larva,Phalera bucephala,Viruses,DNA virus,Baculoviridae,Lepidoptera,Notodontidae
91,Mamestra brassicae NPV (MbMNPV),1/25/2096,12/13/2000,6 pibs/larva,Larva,Pheosia tremula,Viruses,DNA virus,Baculoviridae,Lepidoptera,Notodontidae
92,Mamestra brassicae NPV (MbMNPV),1/25/2096,12/13/2000,6 pibs/larva,Larva,Drymonia ruficornis,Viruses,DNA virus,Baculoviridae,Lepidoptera,Notodontidae
93,Mamestra brassicae NPV (MbMNPV),1/25/2096,12/13/2000,6 pibs/larva,Larva,Orgyia antiqua,Viruses,DNA virus,Baculoviridae,Lepidoptera,Lymantriidae
94,Mamestra brassicae NPV (MbMNPV),1/25/2096,12/13/2000,6 pibs/larva,Larva,Calliteara pudibunda,Viruses,DNA virus,Baculoviridae,Lepidoptera,Lymantriidae
95,Mamestra brassicae NPV (MbMNPV),1/25/2096,12/13/2000,6 pibs/larva,Larva,Spilosoma lubricipeda,Viruses,DNA virus,Baculoviridae,Lepidoptera,Arctiidae
96,Mamestra brassicae NPV (MbMNPV),1/25/2096,12/13/2000,6 pibs/larva,Larva,Tyria jacobaeae,Viruses,DNA virus,Baculoviridae,Lepidoptera,Arctiidae
97,Mamestra brassicae NPV (MbMNPV),1/25/2096,12/13/2000,6 pibs/larva,Larva,Anaplectoides prasina,Viruses,DNA virus,Baculoviridae,Lepidoptera,Noctuidae
98,Mamestra brassicae NPV (MbMNPV),1/25/2096,12/13/2000,6 pibs/larva,Larva,Hyppa rectilinea,Viruses,DNA virus,Baculoviridae,Lepidoptera,Noctuidae
99,Mamestra brassicae NPV (MbMNPV),1/25/2096,12/13/2000,6 pibs/larva,Larva,Spodoptera littoralis,Viruses,DNA virus,Baculoviridae,Lepidoptera,Noctuidae
100,Mamestra brassicae NPV (MbMNPV),1/25/2096,12/13/2000,6 pibs/larva,Larva,Pseudoips fagana britannica,Viruses,DNA virus,Baculoviridae,Lepidoptera,Noctuidae
101,Mamestra brassicae NPV (MbMNPV),1/25/2096,12/13/2000,6 pibs/larva,Larva,Autographa pulchrina,Viruses,DNA virus,Baculoviridae,Lepidoptera,Noctuidae
102,Mamestra brassicae NPV (MbMNPV),1/25/2096,12/13/2000,6 pibs/larva,Larva,Yponomeuta padella,Viruses,DNA virus,Baculoviridae,Lepidoptera,Yponomeutidae
103,Mamestra brassicae NPV (MbMNPV),1/25/2096,12/13/2000,6 pibs/larva,Larva,Udea olivalis,Viruses,DNA virus,Baculoviridae,Lepidoptera,Pyralidae
104,Mamestra brassicae NPV (MbMNPV),1/25/2096,12/13/2000,6 pibs/larva,Larva,Antheraea pernyi,Viruses,DNA virus,Baculoviridae,Lepidoptera,Saturniidae
105,Spodoptera exigua NPV  (SeMNPV),1/15/2096,2/12/2099,7 pibs/cm2,Larva,Agrotis segetum,Viruses,DNA virus,Baculoviridae,Lepidoptera,Noctuidae
106,Autographa californica NPV (AcMNPV),1/19/2096,12/13/2000,6.2 pibs/ml,Larva,Sabulodes transversata,Viruses,DNA virus,Baculoviridae,Lepidoptera,Geometridae
107,Spodoptera exigua NPV  (SeMNPV),1/20/2096,2/12/2099,7 pibs/cm2,Larva,Xestia c-nigrum,Viruses,DNA virus,Baculoviridae,Lepidoptera,Noctuidae
108,Spodoptera exigua NPV  (SeMNPV),1/20/2096,2/12/2099,7 pibs/cm2,Larva,Mamestra brassicae,Viruses,DNA virus,Baculoviridae,Lepidoptera,Noctuidae
109,Spodoptera exigua NPV  (SeMNPV),1/20/2096,2/12/2099,7 pibs/cm2,Larva,Lacanobia oleracea,Viruses,DNA virus,Baculoviridae,Lepidoptera,Noctuidae
110,Spodoptera exigua NPV  (SeMNPV),1/20/2096,2/12/2099,7 pibs/cm2,Larva,Spodoptera littoralis,Viruses,DNA virus,Baculoviridae,Lepidoptera,Noctuidae
111,Spodoptera exigua NPV  (SeMNPV),1/20/2096,2/12/2099,7 pibs/cm2,Larva,Plutella xylostella,Viruses,DNA virus,Baculoviridae,Lepidoptera,Plutellidae
112,Spodoptera exigua NPV  (SeMNPV),1/20/2096,2/12/2099,7 pibs/cm2,Larva,Galleria mellonella,Viruses,DNA virus,Baculoviridae,Lepidoptera,Pyralidae
113,Spodoptera exigua NPV  (SeMNPV),1/20/2096,2/12/2099,7 pibs/cm2,Larva,Ostrinia nubilalis,Viruses,DNA virus,Baculoviridae,Lepidoptera,Pyralidae
114,Spodoptera exigua NPV  (SeMNPV),1/20/2096,2/12/2099,7 pibs/cm2,Larva,Adoxophyes orana,Viruses,DNA virus,Baculoviridae,Lepidoptera,Tortricidae
115,Spodoptera exigua NPV  (SeMNPV),1/20/2096,2/12/2099,7 pibs/cm2,Larva,Cydia pomonella,Viruses,DNA virus,Baculoviridae,Lepidoptera,Tortricidae
116,Pseudoplusia includens NPV  (PiSNPV),1/20/2096,2/12/2099,4.4 pibs/mm2,Larva,Diachrysia balluca,Viruses,DNA virus,Baculoviridae,Lepidoptera,Noctuidae
117,Pseudoplusia includens NPV  (PiSNPV),1/20/2096,2/12/2099,4.4 pibs/mm2,Larva,Rachiplusia ou,Viruses,DNA virus,Baculoviridae,Lepidoptera,Noctuidae
118,Syngrapha selecta NPV  (SsSNPV),1/20/2096,2/12/2099,4.4 pibs/mm2,Larva,Autographa biloba,Viruses,DNA virus,Baculoviridae,Lepidoptera,Noctuidae
119,Syngrapha selecta NPV  (SsSNPV),1/20/2096,2/12/2099,4.4 pibs/mm2,Larva,Pseudoplusia includens,Viruses,DNA virus,Baculoviridae,Lepidoptera,Noctuidae
120,Syngrapha selecta NPV  (SsSNPV),1/20/2096,2/12/2099,4.4 pibs/mm2,Larva,Rachiplusia ou,Viruses,DNA virus,Baculoviridae,Lepidoptera,Noctuidae
121,Trichoplusia ni NPV  (TnSNPV),1/20/2096,2/12/2099,4.4 pibs/mm2,Larva,Autographa biloba,Viruses,DNA virus,Baculoviridae,Lepidoptera,Noctuidae
122,Trichoplusia ni NPV  (TnSNPV),1/20/2096,2/12/2099,4.4 pibs/mm2,Larva,Autographa bimaculata,Viruses,DNA virus,Baculoviridae,Lepidoptera,Noctuidae
123,Trichoplusia ni NPV  (TnSNPV),1/20/2096,2/12/2099,4.4 pibs/mm2,Larva,Pseudoplusia includens,Viruses,DNA virus,Baculoviridae,Lepidoptera,Noctuidae
124,Trichoplusia ni NPV  (TnSNPV),1/20/2096,2/12/2099,4.4 pibs/mm2,Larva,Rachiplusia ou,Viruses,DNA virus,Baculoviridae,Lepidoptera,Noctuidae
125,Autographa californica NPV (AcMNPV),1/20/2096,12/13/2000,6.2 pibs/ml,Larva,Symmerista canicosta,Viruses,DNA virus,Baculoviridae,Lepidoptera,Notodontidae
126,Autographa californica NPV (AcMNPV),1/20/2096,12/13/2000,6.2 pibs/ml,Larva,Croesia albicomma,Viruses,DNA virus,Baculoviridae,Lepidoptera,Tortricidae
127,Thymelicus lineola NPV,1/20/2096,2/12/2099,7 pibs/ml,Larva,Choristoneura fumiferana,Not defined in EDWIP,Not defined in EDWIP,Not defined in EDWIP,Lepidoptera,Tortricidae
128,Thymelicus lineola NPV,1/20/2096,2/12/2099,7 pibs/ml,Larva,Choristoneura conflictana,Not defined in EDWIP,Not defined in EDWIP,Not defined in EDWIP,Lepidoptera,Tortricidae
129,Thymelicus lineola NPV,1/20/2096,12/13/2000,7 pibs/ml,Larva,Archips cerasivorana,Not defined in EDWIP,Not defined in EDWIP,Not defined in EDWIP,Lepidoptera,Tortricidae
130,Thymelicus lineola NPV,1/20/2096,2/12/2099,7 pibs/ml,Larva,Malacosoma disstria,Not defined in EDWIP,Not defined in EDWIP,Not defined in EDWIP,Lepidoptera,Lasiocampidae
131,Thymelicus lineola NPV,1/20/2096,2/12/2099,7 pibs/ml,Larva,Orgyia leucostigma,Not defined in EDWIP,Not defined in EDWIP,Not defined in EDWIP,Lepidoptera,Lymantriidae
132,Thymelicus lineola NPV,1/20/2096,2/12/2099,7 pibs/ml,Larva,Actebia fennica,Not defined in EDWIP,Not defined in EDWIP,Not defined in EDWIP,Lepidoptera,Noctuidae
133,Thymelicus lineola NPV,1/20/2096,12/13/2000,7 pibs/ml,Larva,Pachysphynx  modesta,Not defined in EDWIP,Not defined in EDWIP,Not defined in EDWIP,Lepidoptera,Sphingidae
134,Thymelicus lineola NPV,1/20/2096,2/12/2099,7 pibs/ml,Larva,Anisota senatoria,Not defined in EDWIP,Not defined in EDWIP,Not defined in EDWIP,Lepidoptera,Saturniidae
135,Thymelicus lineola NPV,1/20/2096,2/12/2099,7 pibs/ml,Larva,Neodiprion pratti banksianae,Not defined in EDWIP,Not defined in EDWIP,Not defined in EDWIP,Hymenoptera,Diprionidae
136,Thymelicus lineola NPV,1/20/2096,2/12/2099,7 pibs/ml,Larva,Neodiprion nanulus nanulus,Not defined in EDWIP,Not defined in EDWIP,Not defined in EDWIP,Hymenoptera,Diprionidae
137,Thymelicus lineola NPV,1/20/2096,2/12/2099,7 pibs/ml,Larva,Neodiprion swainei,Not defined in EDWIP,Not defined in EDWIP,Not defined in EDWIP,Hymenoptera,Diprionidae
138,Thymelicus lineola NPV,1/20/2096,2/12/2099,7 pibs/ml,Larva,Pristiphora erichsonii,Not defined in EDWIP,Not defined in EDWIP,Not defined in EDWIP,Hymenoptera,Tenthredinidae
139,Thymelicus lineola NPV,1/20/2096,2/12/2099,7 pibs/ml,Larva,Pristiphora geniculata,Not defined in EDWIP,Not defined in EDWIP,Not defined in EDWIP,Hymenoptera,Tenthredinidae
140,Thymelicus lineola NPV,1/20/2096,2/12/2099,7 pibs/ml,Larva,Trichiocampus irregularis,Not defined in EDWIP,Not defined in EDWIP,Not defined in EDWIP,Hymenoptera,Tenthredinidae
141,Thymelicus lineola NPV,1/20/2096,2/12/2099,7 pibs/ml,Larva,Chrysomela walshi,Not defined in EDWIP,Not defined in EDWIP,Not defined in EDWIP,Coleoptera,Chrysomelidae
142,Thymelicus lineola NPV,1/20/2096,2/12/2099,7 pibs/ml,Larva,Anophothrips obscurus,Not defined in EDWIP,Not defined in EDWIP,Not defined in EDWIP,,
143,Carposina niponensis GV,1/20/2096,2/12/2099, NA,Larva,Adoxophyes orana,Not defined in EDWIP,Not defined in EDWIP,Not defined in EDWIP,Lepidoptera,Tortricidae
144,Carposina niponensis GV,1/20/2096,2/12/2099, Not given,Larva,Archips breviplicana,Not defined in EDWIP,Not defined in EDWIP,Not defined in EDWIP,Lepidoptera,Tortricidae
145,Carposina niponensis GV,1/20/2096,2/12/2099, Not given,Larva,Homona magnanima,Not defined in EDWIP,Not defined in EDWIP,Not defined in EDWIP,Lepidoptera,Tortricidae
146,Mamestra brassicae NPV (MbMNPV),1/22/2096,12/13/2000,NA,Larva,Orthosia gothica,Viruses,DNA virus,Baculoviridae,Lepidoptera,Noctuidae
147,Mamestra brassicae NPV (MbMNPV),1/22/2096,12/13/2000,NA,Larva,Spodoptera littoralis,Viruses,DNA virus,Baculoviridae,Lepidoptera,Noctuidae
148,Mamestra brassicae NPV (MbMNPV),1/22/2096,12/13/2000,NA,Larva,Arctia caja,Viruses,DNA virus,Baculoviridae,Lepidoptera,Arctiidae
149,Mamestra brassicae NPV (MbMNPV),1/22/2096,12/13/2000,NA,Larva,Spilosoma maculosa,Viruses,DNA virus,Baculoviridae,Lepidoptera,Arctiidae
150,Mamestra brassicae NPV (MbMNPV),1/22/2096,12/13/2000,NA,Larva,Plutella xylostella,Viruses,DNA virus,Baculoviridae,Lepidoptera,Plutellidae
151,Mamestra brassicae NPV (MbMNPV),1/22/2096,12/13/2000,NA,Larva,Galleria mellonella,Viruses,DNA virus,Baculoviridae,Lepidoptera,Pyralidae
152,Mamestra brassicae NPV (MbMNPV),1/22/2096,12/13/2000,NA,Larva,Evergestis forficalis,Viruses,DNA virus,Baculoviridae,Lepidoptera,Pyralidae
153,Mamestra brassicae NPV (MbMNPV),1/22/2096,12/13/2000,NA,Larva,Antheraea pernyi,Viruses,DNA virus,Baculoviridae,Lepidoptera,Saturniidae
154,Mamestra brassicae NPV (MbMNPV),1/22/2096,12/13/2000,NA,Larva,Adoxophyes orana,Viruses,DNA virus,Baculoviridae,Lepidoptera,Tortricidae
155,Mamestra brassicae NPV (MbMNPV),1/22/2096,12/13/2000,NA,Larva,Cydia pomonella,Viruses,DNA virus,Baculoviridae,Lepidoptera,Tortricidae
156,Mamestra brassicae NPV (MbMNPV),1/22/2096,12/13/2000,NA,Larva,Lacanobia oleracea,Viruses,DNA virus,Baculoviridae,Lepidoptera,Noctuidae
157,Heliothis armigera NPV  (HaMNPV),1/22/2096,2/12/2099,NA,Larva,Spodoptera littoralis,Viruses,DNA virus,Baculoviridae,Lepidoptera,Noctuidae
158,Dasychira basiflava NPV,1/22/2096,2/12/2099,7 pibs/ml,Larva,Lymantria dispar,Viruses,DNA virus,Baculoviridae,Lepidoptera,Lymantriidae
159,Plodia interpunctella GV,1/23/2096,2/12/2099,5 pibs/g of diet,Larva,Cadra cautella,Viruses,DNA virus,Baculoviridae,Lepidoptera,Pyralidae
160,Cydia pomonella GV,1/23/2096,12/13/2000,11 pibs/gal,Larva,Helicoverpa zea,Viruses,DNA virus,Baculoviridae,Lepidoptera,Noctuidae
161,Cydia pomonella GV,1/23/2096,12/13/2000,11 pibs/gal,Larva,Amyelois transitella,Viruses,DNA virus,Baculoviridae,Lepidoptera,Pyralidae
162,Bombyx mori NPV,1/23/2096,2/12/2099,,Larva,Lemyra imparilis,Viruses,DNA virus,Baculoviridae,Lepidoptera,Arctiidae
163,Bombyx mori NPV,1/23/2096,2/12/2099,,Larva,Euproctis similis,Viruses,DNA virus,Baculoviridae,Lepidoptera,Lymantriidae
164,Bombyx mori NPV,1/23/2096,2/12/2099,,Larva,Euproctis similis,Viruses,DNA virus,Baculoviridae,Lepidoptera,Lymantriidae
165,Bombyx mori NPV,1/23/2096,2/12/2099,,Larva,Papilio helenus,Viruses,DNA virus,Baculoviridae,Lepidoptera,Papilionidae
166,Bombyx mori NPV,1/23/2096,2/12/2099,,Larva,Artogeia rapae,Viruses,DNA virus,Baculoviridae,,
167,Bombyx mori NPV,1/23/2096,2/12/2099,,Larva,Diaphania pyloalis,Viruses,DNA virus,Baculoviridae,Lepidoptera,Pyralidae
168,Bombyx mori NPV,1/23/2096,2/12/2099,,Larva,Theretra oldenlandiae,Viruses,DNA virus,Baculoviridae,Lepidoptera,Sphingidae
169,Autographa californica NPV (AcMNPV),1/24/2096,12/13/2000,6 pibs/larva,Larva,Thymelicus flavus,Viruses,DNA virus,Baculoviridae,Lepidoptera,Hesperiidae
170,Autographa californica NPV (AcMNPV),1/24/2096,12/13/2000,6 pibs/larva,Larva,Lycaena phlaeas,Viruses,DNA virus,Baculoviridae,Lepidoptera,Lycaenidae
171,Autographa californica NPV (AcMNPV),1/24/2096,12/13/2000,6 pibs/larva,Larva,Polyommatus icarus,Viruses,DNA virus,Baculoviridae,Lepidoptera,Lycaenidae
172,Autographa californica NPV (AcMNPV),1/24/2096,12/13/2000,6 pibs/larva,Larva,Aglais urticae,Viruses,DNA virus,Baculoviridae,Lepidoptera,Nymphalidae
173,Autographa californica NPV (AcMNPV),1/24/2096,12/13/2000,6 pibs/larva,Larva,Argynnis paphia,Viruses,DNA virus,Baculoviridae,Lepidoptera,Nymphalidae
174,Autographa californica NPV (AcMNPV),1/24/2096,12/13/2000,6 pibs/larva,Larva,Clossiana selene,Viruses,DNA virus,Baculoviridae,Lepidoptera,Nymphalidae
175,Autographa californica NPV (AcMNPV),1/24/2096,12/13/2000,6 pibs/larva,Larva,Vanessa cardui,Viruses,DNA virus,Baculoviridae,Lepidoptera,Nymphalidae
176,Autographa californica NPV (AcMNPV),1/24/2096,12/13/2000,6 pibs/larva,Larva,Inachis io,Viruses,DNA virus,Baculoviridae,Lepidoptera,Nymphalidae
177,Autographa californica NPV (AcMNPV),1/24/2096,12/13/2000,6 pibs/larva,Larva,Polygonia c-album,Viruses,DNA virus,Baculoviridae,Lepidoptera,Nymphalidae
178,Autographa californica NPV (AcMNPV),1/24/2096,12/13/2000,6 pibs/larva,Larva,Vanessa atalanta,Viruses,DNA virus,Baculoviridae,Lepidoptera,Nymphalidae
179,Autographa californica NPV (AcMNPV),1/24/2096,12/13/2000,6 pibs/larva,Larva,Pieris brassicae,Viruses,DNA virus,Baculoviridae,Lepidoptera,Pieridae
180,Autographa californica NPV (AcMNPV),1/24/2096,12/13/2000,6 pibs/larva,Larva,Artogeia napi,Viruses,DNA virus,Baculoviridae,Lepidoptera,Pieridae
181,Autographa californica NPV (AcMNPV),1/24/2096,12/13/2000,6 pibs/larva,Larva,Artogeia rapae,Viruses,DNA virus,Baculoviridae,,
182,Autographa californica NPV (AcMNPV),1/24/2096,12/13/2000,6 pibs/larva,Larva,Maniola jurtina,Viruses,DNA virus,Baculoviridae,Lepidoptera,Satyridae
183,Autographa californica NPV (AcMNPV),1/24/2096,12/13/2000,6 pibs/larva,Larva,Melanargia galathea,Viruses,DNA virus,Baculoviridae,Lepidoptera,Satyridae
184,Autographa californica NPV (AcMNPV),1/24/2096,12/13/2000,6 pibs/larva,Larva,Pararge aegeria,Viruses,DNA virus,Baculoviridae,Lepidoptera,Nymphalidae
185,Autographa californica NPV (AcMNPV),1/24/2096,12/13/2000,6 pibs/larva,Larva,Pyronia tithonus,Viruses,DNA virus,Baculoviridae,Lepidoptera,Satyridae
186,Autographa californica NPV (AcMNPV),1/24/2096,12/13/2000,6 pibs/larva,Larva,Cydia pomonella,Viruses,DNA virus,Baculoviridae,Lepidoptera,Tortricidae
187,Autographa californica NPV (AcMNPV),1/24/2096,12/13/2000,6 pibs/larva,Larva,Epermenia chaerophyllella,Viruses,DNA virus,Baculoviridae,Lepidoptera,Epermeniidae
188,Autographa californica NPV (AcMNPV),1/24/2096,12/13/2000,6 pibs/larva,Larva,Yponomeuta cagnatella,Viruses,DNA virus,Baculoviridae,Lepidoptera,Yponomeutidae
189,Autographa californica NPV (AcMNPV),1/24/2096,12/13/2000,6 pibs/larva,Larva,Nematus ribesii,Viruses,DNA virus,Baculoviridae,Hymenoptera,Tenthredinidae
190,Autographa californica NPV (AcMNPV),1/24/2096,12/13/2000,6 pibs/larva,Larva,Neodiprion sertifer,Viruses,DNA virus,Baculoviridae,Hymenoptera,Diprionidae
191,Autographa californica NPV (AcMNPV),1/24/2096,12/13/2000,6 pibs/larva,Larva,Gilpinia hercyniae,Viruses,DNA virus,Baculoviridae,Hymenoptera,Diprionidae
192,Autographa californica NPV (AcMNPV),1/24/2096,12/13/2000,6 pibs/larva,Larva,Arctia caja,Viruses,DNA virus,Baculoviridae,Lepidoptera,Arctiidae
193,Autographa californica NPV (AcMNPV),1/24/2096,12/13/2000,6 pibs/larva,Larva,Spilosoma lutea,Viruses,DNA virus,Baculoviridae,Lepidoptera,Arctiidae
194,Autographa californica NPV (AcMNPV),1/24/2096,12/13/2000,6 pibs/larva,Larva,Tyria jacobaeae,Viruses,DNA virus,Baculoviridae,Lepidoptera,Arctiidae
195,Autographa californica NPV (AcMNPV),1/24/2096,12/13/2000,6 pibs/larva,Larva,Cilix glaucata,Viruses,DNA virus,Baculoviridae,Lepidoptera,Drepanidae
196,Autographa californica NPV (AcMNPV),1/24/2096,12/13/2000,6 pibs/larva,Larva,Biston betularia,Viruses,DNA virus,Baculoviridae,Lepidoptera,Geometridae
197,Autographa californica NPV (AcMNPV),1/24/2096,12/13/2000,6 pibs/larva,Larva,Campaea margaritata,Viruses,DNA virus,Baculoviridae,Lepidoptera,Geometridae
198,Autographa californica NPV (AcMNPV),1/24/2096,12/13/2000,6 pibs/larva,Larva,Dysstroma truncata,Viruses,DNA virus,Baculoviridae,Lepidoptera,Geometridae
199,Autographa californica NPV (AcMNPV),1/24/2096,12/13/2000,6 pibs/larva,Larva,Cyclophora albipunctata,Viruses,DNA virus,Baculoviridae,Lepidoptera,Geometridae
200,Autographa californica NPV (AcMNPV),1/24/2096,12/13/2000,6 pibs/larva,Larva,Cyclophora punctaria,Viruses,DNA virus,Baculoviridae,Lepidoptera,Geometridae
201,Autographa californica NPV (AcMNPV),1/24/2096,12/13/2000,6 pibs/larva,Larva,Ecliptopera silaceata,Viruses,DNA virus,Baculoviridae,Lepidoptera,Geometridae
202,Autographa californica NPV (AcMNPV),1/24/2096,12/13/2000,6 pibs/larva,Larva,Hemistola chrysoprasaria,Viruses,DNA virus,Baculoviridae,Lepidoptera,Geometridae
203,Autographa californica NPV (AcMNPV),1/24/2096,12/13/2000,6 pibs/larva,Larva,Idaea aversata,Viruses,DNA virus,Baculoviridae,Lepidoptera,Geometridae
204,Autographa californica NPV (AcMNPV),1/24/2096,12/13/2000,6 pibs/larva,Larva,Odontopera bidentata,Viruses,DNA virus,Baculoviridae,Lepidoptera,Geometridae
205,Autographa californica NPV (AcMNPV),1/24/2096,12/13/2000,6 pibs/larva,Larva,Operophtera brumata,Viruses,DNA virus,Baculoviridae,Lepidoptera,Geometridae
206,Autographa californica NPV (AcMNPV),1/24/2096,12/13/2000,6 pibs/larva,Larva,Opisthograptis luteolata,Viruses,DNA virus,Baculoviridae,Lepidoptera,Geometridae
207,Autographa californica NPV (AcMNPV),1/24/2096,12/13/2000,6 pibs/larva,Larva,Ourapteryx sambucaria,Viruses,DNA virus,Baculoviridae,Lepidoptera,Geometridae
208,Autographa californica NPV (AcMNPV),1/24/2096,12/13/2000,6 pibs/larva,Larva,Selenia dentaria,Viruses,DNA virus,Baculoviridae,Lepidoptera,Geometridae
209,Autographa californica NPV (AcMNPV),1/24/2096,12/13/2000,6 pibs/larva,Larva,Timandra griseata,Viruses,DNA virus,Baculoviridae,Lepidoptera,Geometridae
210,Autographa californica NPV (AcMNPV),1/24/2096,12/13/2000,6 pibs/larva,Larva,Xanthorhoe montanata,Viruses,DNA virus,Baculoviridae,Lepidoptera,Geometridae
211,Autographa californica NPV (AcMNPV),1/24/2096,12/13/2000,6 pibs/larva,Larva,Xanthorhoe fluctuata,Viruses,DNA virus,Baculoviridae,Lepidoptera,Geometridae
212,Autographa californica NPV (AcMNPV),1/24/2096,12/13/2000,6 pibs/larva,Larva,Xanthorhoe spadicearia,Viruses,DNA virus,Baculoviridae,Lepidoptera,Geometridae
213,Autographa californica NPV (AcMNPV),1/24/2096,12/13/2000,6 pibs/larva,Larva,Malacosoma neustria,Viruses,DNA virus,Baculoviridae,Lepidoptera,Lasiocampidae
214,Autographa californica NPV (AcMNPV),1/24/2096,12/13/2000,6 pibs/larva,Larva,Philudoria potatoria,Viruses,DNA virus,Baculoviridae,Lepidoptera,Lasiocampidae
215,Autographa californica NPV (AcMNPV),1/24/2096,12/13/2000,6 pibs/larva,Larva,Calliteara pudibunda,Viruses,DNA virus,Baculoviridae,Lepidoptera,Lymantriidae
216,Autographa californica NPV (AcMNPV),1/24/2096,12/13/2000,6 pibs/larva,Larva,Euproctis chrysorrhoea,Viruses,DNA virus,Baculoviridae,Lepidoptera,Lymantriidae
217,Autographa californica NPV (AcMNPV),1/24/2096,12/13/2000,6 pibs/larva,Larva,Acronicta americana,Viruses,DNA virus,Baculoviridae,Lepidoptera,Noctuidae
218,Autographa californica NPV (AcMNPV),1/24/2096,12/13/2000,6 pibs/larva,Larva,Agrotis segetum,Viruses,DNA virus,Baculoviridae,Lepidoptera,Noctuidae
219,Autographa californica NPV (AcMNPV),1/25/2096,12/13/2000,6 pibs/larva,Larva,Anaplectoides prasina,Viruses,DNA virus,Baculoviridae,Lepidoptera,Noctuidae
220,Autographa californica NPV (AcMNPV),1/25/2096,12/13/2000,6 pibs/larva,Larva,Autographa pulchrina,Viruses,DNA virus,Baculoviridae,Lepidoptera,Noctuidae
221,Autographa californica NPV (AcMNPV),1/25/2096,12/13/2000,6 pibs/larva,Larva,Autographa gamma,Viruses,DNA virus,Baculoviridae,Lepidoptera,Noctuidae
222,Autographa californica NPV (AcMNPV),1/25/2096,12/13/2000,6 pibs/larva,Larva,Craniophora ligustri,Viruses,DNA virus,Baculoviridae,Lepidoptera,Noctuidae
223,Autographa californica NPV (AcMNPV),1/25/2096,12/13/2000,6 pibs/larva,Larva,Diachrysia chrysitis,Viruses,DNA virus,Baculoviridae,Lepidoptera,Noctuidae
224,Autographa californica NPV (AcMNPV),1/25/2096,12/13/2000,6 pibs/larva,Larva,Diarisa mendica,Viruses,DNA virus,Baculoviridae,,
225,Autographa californica NPV (AcMNPV),1/25/2096,12/13/2000,6 pibs/larva,Larva,Lacanobia oleracea,Viruses,DNA virus,Baculoviridae,Lepidoptera,Noctuidae
226,Autographa californica NPV (AcMNPV),1/25/2096,12/13/2000,6 pibs/larva,Larva,Helicoverpa zea,Viruses,DNA virus,Baculoviridae,Lepidoptera,Noctuidae
227,Autographa californica NPV (AcMNPV),1/25/2096,12/13/2000,6 pibs/larva,Larva,Mamestra brassicae,Viruses,DNA virus,Baculoviridae,Lepidoptera,Noctuidae
228,Autographa californica NPV (AcMNPV),1/25/2096,12/13/2000,6 pibs/larva,Larva,Melanchra persicariae,Viruses,DNA virus,Baculoviridae,Lepidoptera,Noctuidae
229,Autographa californica NPV (AcMNPV),1/25/2096,12/13/2000,6 pibs/larva,Larva,Mythimna separata,Viruses,DNA virus,Baculoviridae,Lepidoptera,Noctuidae
230,Autographa californica NPV (AcMNPV),1/25/2096,12/13/2000,6 pibs/larva,Larva,Noctua fimbriata,Viruses,DNA virus,Baculoviridae,Lepidoptera,Noctuidae
231,Autographa californica NPV (AcMNPV),1/25/2096,12/13/2000,6 pibs/larva,Larva,Panolis flammea,Viruses,DNA virus,Baculoviridae,Lepidoptera,Noctuidae
232,Autographa californica NPV (AcMNPV),1/25/2096,12/13/2000,6 pibs/larva,Larva,Peridroma saucia,Viruses,DNA virus,Baculoviridae,Lepidoptera,Noctuidae
233,Autographa californica NPV (AcMNPV),1/25/2096,12/13/2000,6 pibs/larva,Larva,Phlogophora meticulosa,Viruses,DNA virus,Baculoviridae,Lepidoptera,Noctuidae
234,Autographa californica NPV (AcMNPV),1/25/2096,12/13/2000,6 pibs/larva,Larva,Polia nebulosa,Viruses,DNA virus,Baculoviridae,Lepidoptera,Noctuidae
235,Autographa californica NPV (AcMNPV),1/25/2096,12/13/2000,6 pibs/larva,Larva,Spodoptera littoralis,Viruses,DNA virus,Baculoviridae,Lepidoptera,Noctuidae
236,Autographa californica NPV (AcMNPV),1/25/2096,12/13/2000,6 pibs/larva,Larva,Xestia baja,Viruses,DNA virus,Baculoviridae,Lepidoptera,Noctuidae
237,Autographa californica NPV (AcMNPV),1/25/2096,12/13/2000,6 pibs/larva,Larva,Xestia c-nigrum,Viruses,DNA virus,Baculoviridae,Lepidoptera,Noctuidae
238,Autographa californica NPV (AcMNPV),1/25/2096,12/13/2000,6 pibs/larva,Larva,Cerura vinula,Viruses,DNA virus,Baculoviridae,Lepidoptera,Notodontidae
239,Autographa californica NPV (AcMNPV),1/25/2096,12/13/2000,6 pibs/larva,Larva,Chaonia ruficornis,Viruses,DNA virus,Baculoviridae,Lepidoptera,Notodontidae
240,Autographa californica NPV (AcMNPV),1/25/2096,12/13/2000,6 pibs/larva,Larva,Phalera bucephala,Viruses,DNA virus,Baculoviridae,Lepidoptera,Notodontidae
241,Autographa californica NPV (AcMNPV),1/25/2096,12/13/2000,6 pibs/larva,Larva,Furcula borealis,Viruses,DNA virus,Baculoviridae,Lepidoptera,Notodontidae
242,Autographa californica NPV (AcMNPV),1/25/2096,12/13/2000,6 pibs/larva,Larva,Saturnia pavonia,Viruses,DNA virus,Baculoviridae,Lepidoptera,Saturniidae
243,Autographa californica NPV (AcMNPV),1/25/2096,12/13/2000,6 pibs/larva,Larva,Sphinx pinastri,Viruses,DNA virus,Baculoviridae,Lepidoptera,Sphingidae
244,Autographa californica NPV (AcMNPV),1/25/2096,12/13/2000,6 pibs/larva,Larva,Manduca sexta,Viruses,DNA virus,Baculoviridae,Lepidoptera,Sphingidae
245,Autographa californica NPV (AcMNPV),1/25/2096,12/13/2000,6 pibs/larva,Larva,Laothoe populi,Viruses,DNA virus,Baculoviridae,Lepidoptera,Sphingidae
246,Autographa californica NPV (AcMNPV),1/25/2096,12/13/2000,6 pibs/larva,Larva,Smerinthus ocellata,Viruses,DNA virus,Baculoviridae,Lepidoptera,Sphingidae
247,Autographa californica NPV (AcMNPV),1/25/2096,12/13/2000,6 pibs/larva,Larva,Plutella xylostella,Viruses,DNA virus,Baculoviridae,Lepidoptera,Plutellidae
248,Autographa californica NPV (AcMNPV),1/25/2096,12/13/2000,6 pibs/larva,Larva,Zygaena filipendulae,Viruses,DNA virus,Baculoviridae,Lepidoptera,Zygaenidae
249,Agrotis segetum NPV  (AsMNPV),1/28/2096,2/12/2099,,,Mamestra brassicae,Viruses,DNA virus,Baculoviridae,Lepidoptera,Noctuidae
250,Anticarsia gemmatalis NPV  (AgMNPV),1/28/2096,12/28/2000,,,Hypena scabra,Viruses,DNA virus,Baculoviridae,Lepidoptera,Noctuidae
251,Anticarsia gemmatalis NPV  (AgMNPV),1/28/2096,2/12/2099,,,Spodoptera frugiperda,Viruses,DNA virus,Baculoviridae,Lepidoptera,Noctuidae
252,Entomophthora virulenta,1/28/2096,2/12/2099,unknown,Nymph,Reticulitermes flavipes,Fungi,Zygomycetes,Entomophthorales,Isoptera,Rhinotermitidae
253,Euproctis similis NPV,1/28/2096,2/12/2099,,,Spilosoma subcarnea,Viruses,DNA virus,Baculoviridae,Lepidoptera,Arctiidae
254,Euproctis similis NPV,1/28/2096,2/12/2099,,,Bombyx mori,Viruses,DNA virus,Baculoviridae,Lepidoptera,Bombycidae
255,Euproctis similis NPV,1/28/2096,2/12/2099,,,Mythimna separata,Viruses,DNA virus,Baculoviridae,Lepidoptera,Noctuidae
256,Euproctis similis NPV,1/28/2096,2/12/2099,,,Galleria mellonella,Viruses,DNA virus,Baculoviridae,Lepidoptera,Pyralidae
257,Euproctis similis NPV,1/28/2096,2/12/2099,,,Samia cynthia,Viruses,DNA virus,Baculoviridae,Lepidoptera,Saturniidae
258,Mamestra brassicae NPV (MbMNPV),1/28/2096,12/13/2000,,,Melanchra persicariae,Viruses,DNA virus,Baculoviridae,Lepidoptera,Noctuidae
259,Colias eurytheme NPV,1/29/2096,2/12/2099,6 pibs/larva,Larva,Manduca sexta,Not defined in EDWIP,Not defined in EDWIP,Not defined in EDWIP,Lepidoptera,Sphingidae
260,Celerio euphorbiae NPV,1/29/2096,2/12/2099,6 pibs/larva,Larva,Manduca sexta,Not defined in EDWIP,Not defined in EDWIP,Not defined in EDWIP,Lepidoptera,Sphingidae
261,Aedes taeniorhynchus IV (RMIV),3/2/2096,2/12/2099,,,Helicoverpa zea,Not defined in EDWIP,Not defined in EDWIP,Not defined in EDWIP,Lepidoptera,Noctuidae
262,Aedes taeniorhynchus IV (RMIV),3/2/2096,2/12/2099,,,Galleria mellonella,Not defined in EDWIP,Not defined in EDWIP,Not defined in EDWIP,Lepidoptera,Pyralidae
263,Corethrella brakeleyi IV,3/2/2096,2/12/2099,,Larva,Aedes taeniorhynchus,Viruses,DNA virus,Iridoviridae,Diptera,Culicidae
264,Corethrella brakeleyi IV,3/2/2096,2/12/2099,,Larva,Aedes sollicitans,Viruses,DNA virus,Iridoviridae,Diptera,Culicidae
265,Corethrella brakeleyi IV,3/2/2096,2/12/2099,,Larva,Psorophora ferox,Viruses,DNA virus,Iridoviridae,Diptera,Culicidae
266,Culiseta IV,3/5/2096,2/12/2099,,,Culiseta inornata,Viruses,DNA virus,Iridoviridae,Diptera,Culicidae
267,Culiseta IV,3/5/2096,2/12/2099,,,Culiseta melanura,Viruses,DNA virus,Iridoviridae,Diptera,Culicidae
268,Culiseta IV,3/5/2096,2/12/2099,,,Culex salinarius,Viruses,DNA virus,Iridoviridae,Diptera,Culicidae
269,Culiseta IV,3/5/2096,2/12/2099,,,Culex territans,Viruses,DNA virus,Iridoviridae,Diptera,Culicidae
270,Choristoneura fumiferana NPV  (CfMNPV),5/9/2096,2/12/2099,not available,,Orgyia pseudotsugata,Viruses,DNA virus,Baculoviridae,Lepidoptera,Lymantriidae
271,Choristoneura fumiferana GV,5/9/2096,2/12/2099,not available,,Orgyia pseudotsugata,Viruses,DNA virus,Baculoviridae,Lepidoptera,Lymantriidae
272,Mattesia trogodermae,6/9/2096,12/13/2000,,,Galleria mellonella,Protozoa,Apicomplexa,Gregarinidea (Neogregarinida),Lepidoptera,Pyralidae
273,Mattesia trogodermae,6/12/2096,9/12/2000,,,Agrotis ipsilon,Protozoa,Apicomplexa,Gregarinidea (Neogregarinida),Lepidoptera,Noctuidae
274,Mattesia trogodermae,6/12/2096,12/13/2000,,,Apis mellifera,Protozoa,Apicomplexa,Gregarinidea (Neogregarinida),Hymenoptera,Apidae
275,Mattesia trogodermae,6/12/2096,12/13/2000,,,Anagasta kuehniella,Protozoa,Apicomplexa,Gregarinidea (Neogregarinida),Lepidoptera,Pyralidae
276,Mattesia trogodermae,6/12/2096,12/13/2000,,,Plodia interpunctella ,Protozoa,Apicomplexa,Gregarinidea (Neogregarinida),Lepidoptera,Pyralidae
277,Mattesia trogodermae,6/12/2096,12/13/2000,,,Cryptolestes pusillus,Protozoa,Apicomplexa,Gregarinidea (Neogregarinida),Coleoptera,Laemophloeidae
278,Nosema algerae,6/12/2096,5/27/2099,,,Psorophora ciliata,Protozoa,Microspora,Microsporea (Microsporida),Diptera,Culicidae
279,Nosema algerae,6/12/2096,2/12/2099,,,Toxorhynchites rutilus septentrionalis,Protozoa,Microspora,Microsporea (Microsporida),Diptera,Culicidae
280,Nosema fumiferanae,6/12/2096,2/12/2099,unknown,,Acleris variana,Protozoa,Microspora,Microsporea (Microsporida),Lepidoptera,Tortricidae
281,Nosema fumiferanae,6/12/2096,2/12/2099,unknown,,Malacosoma disstria,Protozoa,Microspora,Microsporea (Microsporida),Lepidoptera,Lasiocampidae
282,Nosema fumiferanae,6/12/2096,2/12/2099,unknown,,Apanteles fumiferanae,Protozoa,Microspora,Microsporea (Microsporida),Hymenoptera,Braconidae
283,Nosema fumiferanae,6/12/2096,2/12/2099,unknown,,Glypta fumiferanae,Protozoa,Microspora,Microsporea (Microsporida),Hymenoptera,Ichneumonidae
284,Nosema fumiferanae,6/12/2096,2/12/2099,,,Galleria mellonella,Protozoa,Microspora,Microsporea (Microsporida),Lepidoptera,Pyralidae
285,Nosema fumiferanae,6/12/2096,2/12/2099,,,Bombyx mori,Protozoa,Microspora,Microsporea (Microsporida),Lepidoptera,Bombycidae
286,Nosema fumiferanae,6/12/2096,2/12/2099,,,Hyphantria cunea,Protozoa,Microspora,Microsporea (Microsporida),Lepidoptera,Arctiidae
287,Nosema fumiferanae,6/12/2096,2/12/2099,,,Gryllus assimilis,Protozoa,Microspora,Microsporea (Microsporida),Orthoptera,Gryllidae
288,Nosema gasti,6/12/2096,2/12/2099,,,Conotrachelus nenuphar,Protozoa,Microspora,Microsporea (Microsporida),Coleoptera,Curculionidae
289,Nosema gasti,6/12/2096,2/12/2099,,,Coleomegilla maculata lengi,Protozoa,Microspora,Microsporea (Microsporida),Coleoptera,Coccinellidae
290,Nosema gasti,6/12/2096,2/12/2099,,,Coccinella novemnotata,Protozoa,Microspora,Microsporea (Microsporida),Coleoptera,Coccinellidae
291,Nosema gasti,6/12/2096,2/12/2099,,,Hippodamia convergens,Protozoa,Microspora,Microsporea (Microsporida),Coleoptera,Coccinellidae
292,Nosema gasti,6/12/2096,2/12/2099,,,Chilocorus stigma,Protozoa,Microspora,Microsporea (Microsporida),Coleoptera,Coccinellidae
293,Nosema gasti,6/12/2096,2/12/2099,,,Diabrotica undecimpunctata,Protozoa,Microspora,Microsporea (Microsporida),Coleoptera,Chrysomelidae
294,Nosema pyrausta,6/12/2096,2/12/2099,,,Aplomya caesar,Protozoa,Microspora,Microsporea (Microsporida),Diptera,Tachinidae
295,Nosema pyrausta,6/12/2096,2/12/2099,,,Eriborus terebrans,Protozoa,Microspora,Microsporea (Microsporida),Hymenoptera,Ichneumonidae
296,Pleistophora schubergi,6/12/2096,2/12/2099,,,Bombyx mori,Protozoa,Microspora,Microsporea (Microsporida),Lepidoptera,Bombycidae
297,Pleistophora schubergi,6/12/2096,2/12/2099,,,Galleria mellonella,Protozoa,Microspora,Microsporea (Microsporida),Lepidoptera,Pyralidae
298,Pleistophora schubergi,6/12/2096,2/12/2099,,,Oryzaephilus surinamensis,Protozoa,Microspora,Microsporea (Microsporida),Coleoptera,Sylvanidae
299,Pleistophora schubergi,6/12/2096,2/12/2099,,,Tenebrio molitor,Protozoa,Microspora,Microsporea (Microsporida),Coleoptera,Tenebrionidae
300,Pleistophora schubergi,6/12/2096,2/12/2099,,,Tribolium castaneum,Protozoa,Microspora,Microsporea (Microsporida),Coleoptera,Tenebrionidae
301,Vairimorpha necatrix,6/12/2096,2/12/2099,,,Artogeia rapae,Protozoa,Microspora,Microsporea (Microsporida),,
302,Vairimorpha necatrix,6/12/2096,2/12/2099,,,Phryganidia californica,Protozoa,Microspora,Microsporea (Microsporida),Lepidoptera,Notodontidae
303,Vairimorpha necatrix,6/12/2096,2/12/2099,6.3 spores/larva,Larva,Depressaria pastinacella,Protozoa,Microspora,Microsporea (Microsporida),Lepidoptera,Oecophoridae
304,Vairimorpha necatrix,6/12/2096,2/12/2099,6.3 spores/larva,Larva,Manduca sexta,Protozoa,Microspora,Microsporea (Microsporida),Lepidoptera,Sphingidae
305,Vairimorpha necatrix,6/12/2096,2/12/2099,6.3 spores/larva,Larva,Manduca quinquemaculata,Protozoa,Microspora,Microsporea (Microsporida),Lepidoptera,Sphingidae
306,Vairimorpha necatrix,6/12/2096,3/27/2099,At least 10^5 spores per individual,Adult,Musca domestica,Protozoa,Microspora,Microsporea (Microsporida),Diptera,Muscidae
307,Vairimorpha necatrix,6/12/2096,3/27/2099,At least 10^5 spores per individual,Larva,Neurotoma fasciata,Protozoa,Microspora,Microsporea (Microsporida),Hymenoptera,Pamphiliidae
308,Vairimorpha necatrix,6/12/2096,3/27/2099,At least 10^5 spores per individual,Adult,Hypera punctata,Protozoa,Microspora,Microsporea (Microsporida),Coleoptera,Curculionidae
309,Vairimorpha necatrix,6/12/2096,3/27/2099,At least 10^5 spores per individual,Adult,Acalymma vittatum ,Protozoa,Microspora,Microsporea (Microsporida),Coleoptera,Chrysomelidae
310,Vairimorpha necatrix,6/12/2096,3/27/2099,At least 10^5 spores per individual,Adult,Cerotoma trifurcata,Protozoa,Microspora,Microsporea (Microsporida),Coleoptera,Chrysomelidae
311,Vairimorpha necatrix,6/12/2096,3/27/2099,At least 10^5 spores per individual,Adult,Diabrotica undecimpunctata howardi,Protozoa,Microspora,Microsporea (Microsporida),Coleoptera,Chrysomelidae
312,Vairimorpha necatrix,6/12/2096,9/13/2000,,,Campoletis perdistinctus  ,Protozoa,Microspora,Microsporea (Microsporida),Hymenoptera,Ichneumonidae
313,Vairimorpha necatrix,6/12/2096,2/12/2099,,,Cardiochiles nigriceps,Protozoa,Microspora,Microsporea (Microsporida),Hymenoptera,Braconidae
314,Vairimorpha necatrix,6/12/2096,2/12/2099,,,Bonnetia comta,Protozoa,Microspora,Microsporea (Microsporida),Diptera,Tachinidae
315,Vavraia culicis,6/12/2096,2/12/2099,,,Tenebrio molitor,Protozoa,Microspora,Microsporea (Microsporida),Coleoptera,Tenebrionidae
316,Vavraia culicis,6/12/2096,2/12/2099,,,Galleria mellonella,Protozoa,Microspora,Microsporea (Microsporida),Lepidoptera,Pyralidae
317,Vavraia culicis,6/12/2096,2/12/2099,,,Spodoptera litura,Protozoa,Microspora,Microsporea (Microsporida),Lepidoptera,Noctuidae
318,Vavraia culicis,6/12/2096,2/12/2099,,,Agrotis segetum,Protozoa,Microspora,Microsporea (Microsporida),Lepidoptera,Noctuidae
319,Entomophaga maimaiga,7/3/2096,2/12/2099,5 conidia/ml,Larva,Danaus plexippus,Fungi,Zygomycetes,Entomophthorales,Lepidoptera,Danaidae
320,Entomophaga maimaiga,7/3/2096,2/12/2099,5 conidia/ml,Larva,Alsophila pometaria,Fungi,Zygomycetes,Entomophthorales,Lepidoptera,Geometridae
321,Entomophaga maimaiga,7/3/2096,2/12/2099,5 conidia/ml,Larva,Phigalia titea,Fungi,Zygomycetes,Entomophthorales,Lepidoptera,Geometridae
322,Entomophaga maimaiga,7/3/2096,2/12/2099,5 conidia/ml,Larva,Automeris io,Fungi,Zygomycetes,Entomophthorales,Lepidoptera,Saturniidae
323,Entomophaga maimaiga,7/3/2096,2/12/2099,5 conidia/ml,Larva,Callosamia angulifera,Fungi,Zygomycetes,Entomophthorales,Lepidoptera,Saturniidae
324,Entomophaga maimaiga,7/3/2096,2/12/2099,5 conidia/ml,Larva,Heterocampa umbrata,Fungi,Zygomycetes,Entomophthorales,Lepidoptera,Notodontidae
325,Entomophaga maimaiga,7/3/2096,2/12/2099,5 conidia/ml,Larva,Catocala vidua,Fungi,Zygomycetes,Entomophthorales,Lepidoptera,Noctuidae
326,Entomophaga maimaiga,7/3/2096,2/12/2099,5 conidia/ml,Larva,Pyreferra hesperidago,Fungi,Zygomycetes,Entomophthorales,Lepidoptera,Noctuidae
327,Entomophaga maimaiga,7/3/2096,2/12/2099,5 conidia/ml,Larva,Eupsilia vinulenta,Fungi,Zygomycetes,Entomophthorales,Lepidoptera,Noctuidae
328,Entomophaga maimaiga,7/3/2096,2/12/2099,5 conidia/ml,Larva,Sericaglaea signata,Fungi,Zygomycetes,Entomophthorales,Lepidoptera,Noctuidae
329,Entomophaga maimaiga,7/3/2096,2/12/2099,5 conidia/ml,Larva,Chaetoglaea sericea,Fungi,Zygomycetes,Entomophthorales,Lepidoptera,Noctuidae
330,Entomophaga maimaiga,7/3/2096,2/12/2099,5 conidia/ml,Larva,Sunira bicolorago,Fungi,Zygomycetes,Entomophthorales,Lepidoptera,Noctuidae
331,Entomophaga maimaiga,7/3/2096,2/12/2099,5 conidia/ml,Larva,Orthosia hibisci,Fungi,Zygomycetes,Entomophthorales,Lepidoptera,Noctuidae
332,Entomophaga maimaiga,7/4/2096,2/12/2099,5 conidia/ml,Larva,Epargyreus clarus,Fungi,Zygomycetes,Entomophthorales,Lepidoptera,Hesperiidae
333,Entomophaga maimaiga,7/4/2096,2/12/2099,5 conidia/ml,Larva,Erynnis juvenalis,Fungi,Zygomycetes,Entomophthorales,Lepidoptera,Hesperiidae
334,Entomophaga maimaiga,7/4/2096,2/12/2099,5 conidia/ml,Larva,Battus philenor,Fungi,Zygomycetes,Entomophthorales,Lepidoptera,Papilionidae
335,Entomophaga maimaiga,7/4/2096,2/12/2099,5 conidia/ml,Larva,Papilio glaucus,Fungi,Zygomycetes,Entomophthorales,Lepidoptera,Papilionidae
336,Entomophaga maimaiga,7/4/2096,2/12/2099,5 conidia/ml,Larva,Asterocampa clyton,Fungi,Zygomycetes,Entomophthorales,Lepidoptera,Apaturidae
337,Entomophaga maimaiga,7/4/2096,2/12/2099,5 conidia/ml,Larva,Geina periscelidactyla,Fungi,Zygomycetes,Entomophthorales,Lepidoptera,Pterophoridae
338,Entomophaga maimaiga,7/4/2096,2/12/2099,5 conidia/ml,Larva,Itame pustularia,Fungi,Zygomycetes,Entomophthorales,Lepidoptera,Geometridae
339,Entomophaga maimaiga,7/4/2096,2/12/2099,5 conidia/ml,Larva,Phigalia strigataria,Fungi,Zygomycetes,Entomophthorales,Lepidoptera,Geometridae
340,Entomophaga maimaiga,7/4/2096,2/12/2099,5 conidia/ml,Larva,Erannis tiliaria,Fungi,Zygomycetes,Entomophthorales,Lepidoptera,Geometridae
341,Entomophaga maimaiga,7/4/2096,2/12/2099,5 conidia/ml,Larva,Lomographa glomeraria,Fungi,Zygomycetes,Entomophthorales,Lepidoptera,Geometridae
342,Entomophaga maimaiga,7/4/2096,2/12/2099,5 conidia/ml,Larva,Ennomos magnaria,Fungi,Zygomycetes,Entomophthorales,Lepidoptera,Geometridae
343,Entomophaga maimaiga,7/4/2096,2/12/2099,5 conidia/ml,Larva,Besma quercivoraria,Fungi,Zygomycetes,Entomophthorales,Lepidoptera,Geometridae
344,Entomophaga maimaiga,7/4/2096,2/12/2099,5 conidia/ml,Larva,Lambdina pellucidaria,Fungi,Zygomycetes,Entomophthorales,Lepidoptera,Geometridae
345,Entomophaga maimaiga,7/4/2096,2/12/2099,5 conidia/ml,Larva,Eutrapela clemataria,Fungi,Zygomycetes,Entomophthorales,Lepidoptera,Geometridae
346,Entomophaga maimaiga,7/4/2096,2/12/2099,5 conidia/ml,Larva,Prochoerodes transversata,Fungi,Zygomycetes,Entomophthorales,Lepidoptera,Geometridae
347,Entomophaga maimaiga,7/4/2096,2/12/2099,5 conidia/ml,Larva,Hydria prunivorata,Fungi,Zygomycetes,Entomophthorales,Lepidoptera,Geometridae
348,Entomophaga maimaiga,7/4/2096,2/12/2099,5 conidia/ml,Larva,Apatelodes torrefacta,Fungi,Zygomycetes,Entomophthorales,Lepidoptera,Apatelodidae
349,Entomophaga maimaiga,7/4/2096,2/12/2099,5 conidia/ml,Larva,Antheraea polyphemus,Fungi,Zygomycetes,Entomophthorales,Lepidoptera,Saturniidae
350,Entomophaga maimaiga,7/4/2096,2/12/2099,5 conidia/ml,Larva,Laothoe juglandis,Fungi,Zygomycetes,Entomophthorales,Lepidoptera,Sphingidae
351,Entomophaga maimaiga,7/4/2096,2/12/2099,5 conidia/ml,Larva,Heterocampa biundata,Fungi,Zygomycetes,Entomophthorales,Lepidoptera,Notodontidae
352,Entomophaga maimaiga,7/4/2096,2/12/2099,5 conidia/ml,Larva,Spilosoma congrua,Fungi,Zygomycetes,Entomophthorales,Lepidoptera,Arctiidae
353,Entomophaga maimaiga,7/4/2096,2/12/2099,5 conidia/ml,Larva,Lophocampa caryae,Fungi,Zygomycetes,Entomophthorales,Lepidoptera,Arctiidae
354,Entomophaga maimaiga,7/4/2096,2/12/2099,5 conidia/ml,Larva,Colocasia propinquilinea,Fungi,Zygomycetes,Entomophthorales,Lepidoptera,Noctuidae
355,Entomophaga maimaiga,7/4/2096,2/12/2099,5 conidia/ml,Larva,Nedra ramosula,Fungi,Zygomycetes,Entomophthorales,Lepidoptera,Noctuidae
356,Entomophaga maimaiga,7/4/2096,2/12/2099,5 conidia/ml,Larva,Lithophane semiusta,Fungi,Zygomycetes,Entomophthorales,Lepidoptera,Noctuidae
357,Entomophaga maimaiga,7/4/2096,2/12/2099,5 conidia/ml,Larva,Lithophane grotei,Fungi,Zygomycetes,Entomophthorales,Lepidoptera,Noctuidae
358,Entomophaga maimaiga,7/4/2096,2/12/2099,5 conidia/ml,Larva,Lithophane unimoda,Fungi,Zygomycetes,Entomophthorales,Lepidoptera,Noctuidae
359,Entomophaga maimaiga,7/4/2096,2/12/2099,5 conidia/ml,Larva,Crocigrapha normani,Fungi,Zygomycetes,Entomophthorales,Lepidoptera,Noctuidae
360,Entomophaga maimaiga,7/4/2096,2/12/2099,5 conidia/ml,Larva,Morrisonia confusa,Fungi,Zygomycetes,Entomophthorales,Lepidoptera,Noctuidae
361,Nosema algerae,7/17/2096,2/12/2099,unknown,Larva,Anopheles atroparvus,Protozoa,Microspora,Microsporea (Microsporida),Diptera,Culicidae
362,Nosema algerae,7/17/2096,2/12/2099,5.43 spores/larva,Larva,Spilosoma virginica,Protozoa,Microspora,Microsporea (Microsporida),Lepidoptera,Arctiidae
363,Nosema algerae,7/17/2096,2/12/2099,5.43 spores/larva,Larva,Spodoptera ornithogalli,Protozoa,Microspora,Microsporea (Microsporida),Lepidoptera,Noctuidae
364,Nosema algerae,7/17/2096,2/12/2099,unknown,Nymph,Blaberus discoidalis,Protozoa,Microspora,Microsporea (Microsporida),Blattodea,Blaberidae
365,Vairimorpha necatrix,7/17/2096,3/27/2099,At least 10^5 spores per individual ,Larva,Colias eurytheme,Protozoa,Microspora,Microsporea (Microsporida),Lepidoptera,Pieridae
366,Pleistophora schubergi,7/31/2096,2/12/2099,7 spores/ml,Larva,Plodia interpunctella ,Protozoa,Microspora,Microsporea (Microsporida),Lepidoptera,Pyralidae
367,Heliothis zea NPV (HzSNPV),8/10/2096,2/12/2099,,,Agrotis segetum,Viruses,DNA virus,Baculoviridae,Lepidoptera,Noctuidae
368,Heliothis zea NPV (HzSNPV),8/10/2096,2/12/2099,,,Anthela varia,Viruses,DNA virus,Baculoviridae,Lepidoptera,Anthelidae
369,Heliothis zea NPV (HzSNPV),8/10/2096,2/12/2099,,,Cactoblastis cactorum,Viruses,DNA virus,Baculoviridae,Lepidoptera,Pyralidae
370,Heliothis zea NPV (HzSNPV),8/10/2096,2/12/2099,,,Chrysodeixis chalcites,Viruses,DNA virus,Baculoviridae,Lepidoptera,Noctuidae
371,Heliothis zea NPV (HzSNPV),8/10/2096,2/12/2099,,,Euproctis subflava,Viruses,DNA virus,Baculoviridae,Lepidoptera,Lymantriidae
372,Heliothis zea NPV (HzSNPV),8/10/2096,2/12/2099,,,Galleria mellonella,Viruses,DNA virus,Baculoviridae,Lepidoptera,Pyralidae
373,Heliothis zea NPV (HzSNPV),8/10/2096,2/12/2099,,,Lymantria dispar,Viruses,DNA virus,Baculoviridae,Lepidoptera,Lymantriidae
374,Heliothis zea NPV (HzSNPV),8/10/2096,2/12/2099,,,Manduca quinquemaculata,Viruses,DNA virus,Baculoviridae,Lepidoptera,Sphingidae
375,Heliothis zea NPV (HzSNPV),8/10/2096,2/12/2099,,,Manduca sexta,Viruses,DNA virus,Baculoviridae,Lepidoptera,Sphingidae
376,Heliothis zea NPV (HzSNPV),8/10/2096,2/12/2099,,,Nomophila nearctica,Viruses,DNA virus,Baculoviridae,Lepidoptera,Pyralidae
377,Heliothis zea NPV (HzSNPV),8/10/2096,2/12/2099,,,Orgyia anartoides,Viruses,DNA virus,Baculoviridae,Lepidoptera,Lymantriidae
378,Heliothis zea NPV (HzSNPV),8/10/2096,2/12/2099,,,Papilio xuthus,Viruses,DNA virus,Baculoviridae,Lepidoptera,Papilionidae
379,Heliothis zea NPV (HzSNPV),8/10/2096,2/12/2099,,,Pieris brassicae,Viruses,DNA virus,Baculoviridae,Lepidoptera,Pieridae
380,Heliothis zea NPV (HzSNPV),8/10/2096,2/12/2099,,,Artogeia rapae,Viruses,DNA virus,Baculoviridae,,
381,Heliothis zea NPV (HzSNPV),8/10/2096,2/12/2099,,,Plusia nigrisigna,Viruses,DNA virus,Baculoviridae,Lepidoptera,Noctuidae
382,Heliothis zea NPV (HzSNPV),8/10/2096,2/12/2099,,,Plutella xylostella,Viruses,DNA virus,Baculoviridae,Lepidoptera,Plutellidae
383,Heliothis zea NPV (HzSNPV),8/10/2096,2/12/2099,,,Spodoptera exigua,Viruses,DNA virus,Baculoviridae,Lepidoptera,Noctuidae
384,Heliothis zea NPV (HzSNPV),8/10/2096,2/12/2099,,,Spodoptera frugiperda,Viruses,DNA virus,Baculoviridae,Lepidoptera,Noctuidae
385,Heliothis zea NPV (HzSNPV),8/10/2096,2/12/2099,,,Spodoptera litura,Viruses,DNA virus,Baculoviridae,Lepidoptera,Noctuidae
386,Heliothis zea NPV (HzSNPV),8/10/2096,2/12/2099,,,Spodoptera mauritia,Viruses,DNA virus,Baculoviridae,Lepidoptera,Noctuidae
387,Heliothis zea NPV (HzSNPV),8/10/2096,2/12/2099,,,Spodoptera ornithogalli,Viruses,DNA virus,Baculoviridae,Lepidoptera,Noctuidae
388,Heliothis zea NPV (HzSNPV),8/10/2096,2/12/2099,,,Trichoplusia ni,Viruses,DNA virus,Baculoviridae,Lepidoptera,Noctuidae
389,Heliothis zea NPV (HzSNPV),8/13/2096,2/12/2099,,,Apis mellifera,Viruses,DNA virus,Baculoviridae,Hymenoptera,Apidae
390,Heliothis zea NPV (HzSNPV),8/13/2096,6/12/2000,,,Brachymeria intermedia,Viruses,DNA virus,Baculoviridae,Hymenoptera,Chalcididae
391,Heliothis zea NPV (HzSNPV),8/13/2096,12/28/2000,,,Campoletis perdistinctus  ,Viruses,DNA virus,Baculoviridae,Hymenoptera,Ichneumonidae
392,Heliothis zea NPV (HzSNPV),8/13/2096,2/12/2099,,,Chelonus blackburni,Viruses,DNA virus,Baculoviridae,Hymenoptera,Braconidae
393,Heliothis zea NPV (HzSNPV),8/13/2096,2/12/2099,,,Meteorus leviventris,Viruses,DNA virus,Baculoviridae,Hymenoptera,Braconidae
394,Heliothis zea NPV (HzSNPV),8/13/2096,2/12/2099,,,Musca domestica,Viruses,DNA virus,Baculoviridae,Diptera,Muscidae
395,Heliothis zea NPV (HzSNPV),8/13/2096,2/12/2099,,,Voria ruralis,Viruses,DNA virus,Baculoviridae,Diptera,Tachinidae
396,Heliothis zea NPV (HzSNPV),8/13/2096,2/12/2099,,,Hippodamia convergens,Viruses,DNA virus,Baculoviridae,Coleoptera,Coccinellidae
397,Heliothis zea NPV (HzSNPV),8/13/2096,2/12/2099,,,Phaedon brassicae,Viruses,DNA virus,Baculoviridae,Coleoptera,Chrysomelidae
398,Heliothis zea NPV (HzSNPV),8/13/2096,2/12/2099,,,Chrysopa carnea,Viruses,DNA virus,Baculoviridae,Neuroptera,Chrysopidae
399,Heliothis zea NPV (HzSNPV),8/13/2096,2/12/2099,,,Geocoris pallens,Viruses,DNA virus,Baculoviridae,Heteroptera,Lygaeidae
400,Heliothis zea NPV (HzSNPV),8/13/2096,2/12/2099,,,Laodelphax striatellus,Viruses,DNA virus,Baculoviridae,Homoptera,Delphacidae
401,Heliothis zea NPV (HzSNPV),8/13/2096,2/12/2099,,,Orius tristicolor,Viruses,DNA virus,Baculoviridae,Heteroptera,Anthocoridae
402,Heliothis zea NPV (HzSNPV),8/13/2096,2/12/2099,,,Nephotettix cincticeps,Viruses,DNA virus,Baculoviridae,Homoptera,Cicadellidae
403,Heliothis zea NPV (HzSNPV),8/13/2096,2/12/2099,,,Nilaparvata lugens,Viruses,DNA virus,Baculoviridae,Homoptera,Delphacidae
404,Anagrapha falcifera NPV (AfMNPV),8/14/2096,2/12/2099,2 OB/mm2,Larva,Euchaetes egle,Viruses,DNA virus,Baculoviridae,Lepidoptera,Arctiidae
405,Anagrapha falcifera NPV (AfMNPV),8/14/2096,2/12/2099,2.4 OB/mm2,Larva,Feltia jaculifera,Viruses,DNA virus,Baculoviridae,Lepidoptera,Noctuidae
406,Anagrapha falcifera NPV (AfMNPV),8/14/2096,2/12/2099,2.4 OB/mm2,Larva,Lacinipolia renigera,Viruses,DNA virus,Baculoviridae,Lepidoptera,Noctuidae
407,Anagrapha falcifera NPV (AfMNPV),8/14/2096,12/28/2000,2 OB/mm2,Larva,Hypena scabra,Viruses,DNA virus,Baculoviridae,Lepidoptera,Noctuidae
408,Anagrapha falcifera NPV (AfMNPV),8/14/2096,2/12/2099,2 OB/mm2,Larva,Symmerista albifrons,Viruses,DNA virus,Baculoviridae,Lepidoptera,Notodontidae
409,Anagrapha falcifera NPV (AfMNPV),8/14/2096,2/12/2099,2 OB/mm2,Larva,Elasmopalpus lignosellus,Viruses,DNA virus,Baculoviridae,Lepidoptera,Pyralidae
410,Anagrapha falcifera NPV (AfMNPV),8/14/2096,2/12/2099,2 OB/mm2,Larva,Ceratomia catalpae,Viruses,DNA virus,Baculoviridae,Lepidoptera,Sphingidae
411,Anagrapha falcifera NPV (AfMNPV),8/14/2096,2/12/2099,2 OB/mm2,Larva,Zygogramma suturalis,Viruses,DNA virus,Baculoviridae,Coleoptera,Chrysomelidae
412,Anagrapha falcifera NPV (AfMNPV),8/14/2096,2/12/2099,7.7 OB/mm2,Larva,Chironomus riparius,Viruses,DNA virus,Baculoviridae,Diptera,Chironomidae
413,Anagrapha falcifera NPV (AfMNPV),8/14/2096,2/12/2099,2 OB/mm2,Larva,Musca domestica,Viruses,DNA virus,Baculoviridae,Diptera,Muscidae
414,Spodoptera exigua NPV  (SeMNPV),8/15/2096,2/12/2099,3.15 OB/mm2,Larva,Heliothis virescens,Viruses,DNA virus,Baculoviridae,Lepidoptera,Noctuidae
415,Spodoptera exigua NPV  (SeMNPV),8/15/2096,2/12/2099,3.15 OB/mm2,Larva,Spodoptera frugiperda,Viruses,DNA virus,Baculoviridae,Lepidoptera,Noctuidae
416,Spodoptera exigua NPV  (SeMNPV),8/15/2096,2/12/2099,3.15 OB/mm2,Larva,Trichoplusia ni,Viruses,DNA virus,Baculoviridae,Lepidoptera,Noctuidae
417,Plusia gamma NPV (PgSNPV),8/15/2096,12/13/2000,4.4 pibs/mm2,Larva,Trichoplusia ni,Viruses,DNA virus,Baculoviridae,Lepidoptera,Noctuidae
418,Bacillus sphaericus,8/15/2096,2/12/2099,,,Epiplatys bifasciatus,Bacteria,Spore-forming bacteria,Bacillaceae,Heteroptera,Nepidae
419,Bacillus sphaericus,8/15/2096,3/1/2099,,Larva,Simulium vittatum,Bacteria,Spore-forming bacteria,Bacillaceae,Diptera,Simuliidae
420,Bacillus sphaericus,8/15/2096,2/12/2099,,,Plodia interpunctella ,Bacteria,Spore-forming bacteria,Bacillaceae,Lepidoptera,Pyralidae
421,Bacillus sphaericus,8/15/2096,2/12/2099,,,Lasioderma serricorne,Bacteria,Spore-forming bacteria,Bacillaceae,Coleoptera,Anobiidae
422,Bacillus sphaericus,8/15/2096,2/12/2099,,,Apis mellifera,Bacteria,Spore-forming bacteria,Bacillaceae,Hymenoptera,Apidae
423,Bacillus popilliae,10/27/2096,2/12/2099,,,Amphimallon solstitialis,Bacteria,Spore-forming bacteria,Bacillaceae,Coleoptera,Scarabaeidae
424,Bacillus popilliae,10/27/2096,2/12/2099,,,Cetonia aurata,Bacteria,Spore-forming bacteria,Bacillaceae,Coleoptera,Scarabaeidae
425,Bacillus popilliae,10/27/2096,2/12/2099,,,Lichnanthe vulpina,Bacteria,Spore-forming bacteria,Bacillaceae,Coleoptera,Scarabaeidae
426,Bacillus popilliae,10/27/2096,2/12/2099,,,Maladera castanea,Bacteria,Spore-forming bacteria,Bacillaceae,Coleoptera ,Scarabaeidae 
427,Bacillus popilliae,10/27/2096,2/12/2099,,,Oryctes nasicornis,Bacteria,Spore-forming bacteria,Bacillaceae,Coleoptera,Scarabaeidae
428,Bacillus popilliae,10/27/2096,2/12/2099,,,Phyllophaga fusca,Bacteria,Spore-forming bacteria,Bacillaceae,Coleoptera,Scarabaeidae
429,Bacillus popilliae,10/27/2096,2/12/2099,,,Phyllophaga futilis,Bacteria,Spore-forming bacteria,Bacillaceae,Coleoptera,Scarabaeidae
430,Bacillus popilliae,10/27/2096,2/12/2099,,,Phyllophaga hirticula,Bacteria,Spore-forming bacteria,Bacillaceae,Coleoptera,Scarabaeidae
431,Bacillus popilliae,10/27/2096,2/12/2099,,,Phyllophaga inversa,Bacteria,Spore-forming bacteria,Bacillaceae,Coleoptera,Scarabaeidae
432,Bacillus popilliae,10/27/2096,2/12/2099,,,Phyllophaga rugosa,Bacteria,Spore-forming bacteria,Bacillaceae,Coleoptera,Scarabaeidae
433,Nosema epilachnae,11/10/2096,2/12/2099,,Adult,Coleomegilla maculata,Protozoa,Microspora,Microsporea (Microsporida),Coleoptera,Coccinellidae
434,Nosema algerae,4/14/2097,2/12/2099,,,Psorophora ciliata,Protozoa,Microspora,Microsporea (Microsporida),Diptera,Culicidae
435,Nosema algerae,4/14/2097,2/12/2099,,,Toxorhynchites rutilus septentrionalis,Protozoa,Microspora,Microsporea (Microsporida),Diptera,Culicidae
436,Aspergillus parasiticus,4/14/2097,2/12/2099,,EggLarvaPupa,Megachile rotundata,Fungi,Deuteromycetes,unknown,Hymenoptera,Megachilidae
437,Beauveria bassiana,4/14/2097,2/12/2099,,EggLarvaPupa,Megachile rotundata,Fungi,Deuteromycetes,unknown,Hymenoptera,Megachilidae
438,Nosema whitei,6/12/2097,2/12/2099,6 spores / feeding arena (this dose is implied but not explicitly stated in the article),Larva,Hyalophora cecropia,Protozoa,Microspora,Microsporea (Microsporida),Lepidoptera,Saturniidae
439,Nosema whitei,6/12/2097,2/12/2099,6 spores / feeding arena (this dose is implied but not explicitly stated in the article),Larva,Samia cynthia,Protozoa,Microspora,Microsporea (Microsporida),Lepidoptera,Saturniidae
440,Nosema whitei,6/12/2097,9/13/2000,6 spores / feeding arena (this dose is implied but not explicitly stated in the article),Larva,Manduca sexta,Protozoa,Microspora,Microsporea (Microsporida),Lepidoptera,Sphingidae
441,Nosema whitei,6/12/2097,2/12/2099,6 spores / feeding arena (this dose is implied but not explicitly stated in the article),Larva,Blaberus craniifer,Protozoa,Microspora,Microsporea (Microsporida),Blattodea,Blaberidae
442,Nosema whitei,6/12/2097,2/12/2099,6 spores / feeding arena (this dose is implied but not explicitly stated in the article),Larva,Byrsotria fumigata,Protozoa,Microspora,Microsporea (Microsporida),Blattodea,Blattidae
443,Nosema whitei,6/12/2097,2/12/2099,6 spores / feeding arena (this dose is implied but not explicitly stated in the article),Larva,Periplaneta americana,Protozoa,Microspora,Microsporea (Microsporida),Blattodea,Blattidae
444,Tetrahymena pyriformis,7/3/2097,2/12/2099,3 ciliates/ml larval medium,Larva,Aedes aegypti,Protozoa,Ciliophora,Oligohymenophorea (Hymenostomatida),Diptera,Culicidae
445,Bacillus popilliae,7/10/2097,9/13/2000,,Larva,Rhizotrogus majalis,Bacteria,Spore-forming bacteria,Bacillaceae,Coleoptera ,Scarabaeidae 
446,Bacillus euloomarahae,7/10/2097,2/12/2099,,Larva,Cetonia aurata,Bacteria,Spore-forming bacteria,Bacillaceae,Coleoptera,Scarabaeidae
447,Bacillus euloomarahae,7/10/2097,2/12/2099,,Larva,Melolontha melolontha,Bacteria,Spore-forming bacteria,Bacillaceae,Coleoptera,Scarabaeidae
448,Bacillus euloomarahae,7/10/2097,2/12/2099,,Larva,Oryctes nasicornis,Bacteria,Spore-forming bacteria,Bacillaceae,Coleoptera,Scarabaeidae
449,Bombyx mori CPV,7/16/2097,2/12/2099,,Larva,Antheraea yamamai,Not defined in EDWIP,Not defined in EDWIP,Not defined in EDWIP,Lepidoptera,Saturniidae
450,Bombyx mori CPV,7/16/2097,2/12/2099,,Larva,Antheraea pernyi,Not defined in EDWIP,Not defined in EDWIP,Not defined in EDWIP,Lepidoptera,Saturniidae
451,Bombyx mori CPV,7/16/2097,2/12/2099,,Larva,Samia cynthia pryeri,Not defined in EDWIP,Not defined in EDWIP,Not defined in EDWIP,Lepidoptera,Saturniidae
452,Bombyx mori CPV,7/16/2097,2/12/2099,,Larva,Dendrolimus spectabilis,Not defined in EDWIP,Not defined in EDWIP,Not defined in EDWIP,Lepidoptera,Lasiocampidae
453,Bombyx mori CPV,7/16/2097,2/12/2099,,Larva,Polia illoba,Not defined in EDWIP,Not defined in EDWIP,Not defined in EDWIP,Lepidoptera,Noctuidae
454,Bombyx mori CPV,7/16/2097,2/12/2099,,Larva,Spilosoma imparilis,Not defined in EDWIP,Not defined in EDWIP,Not defined in EDWIP,Lepidoptera,Arctiidae
455,Bombyx mori CPV,7/16/2097,2/12/2099,,Larva,Artogeia rapae crucivora,Not defined in EDWIP,Not defined in EDWIP,Not defined in EDWIP,Lepidoptera,Pieridae
456,Dendrolimus spectabilis CPV,7/16/2097,2/12/2099,,Larva,Antheraea yamamai,Not defined in EDWIP,Not defined in EDWIP,Not defined in EDWIP,Lepidoptera,Saturniidae
457,Dendrolimus spectabilis CPV,7/16/2097,2/12/2099,,Larva,Antheraea pernyi,Not defined in EDWIP,Not defined in EDWIP,Not defined in EDWIP,Lepidoptera,Saturniidae
458,Dendrolimus spectabilis CPV,7/16/2097,2/12/2099,,Larva,Samia cynthia pryeri,Not defined in EDWIP,Not defined in EDWIP,Not defined in EDWIP,Lepidoptera,Saturniidae
459,Dendrolimus spectabilis CPV,7/16/2097,2/12/2099,,Larva,Samia cynthia ricini,Not defined in EDWIP,Not defined in EDWIP,Not defined in EDWIP,Lepidoptera,Saturniidae
460,Leptomonas sarcophagae,1/27/2099,9/13/2000,,,Musca domestica,Protozoa,Euglenozoa,Kinetoplastidea (Trypanosomatida),Diptera,Muscidae
462,Herpetomonas muscarum,1/27/2099,2/12/2099,,,Drosophila melanogaster,Protozoa,Euglenozoa,Kinetoplastidea (Trypanosomatida),Diptera,Drosophilidae
463,Leptomonas ctenocephali,1/27/2099,2/12/2099,,,Gerris remigis,Protozoa,Euglenozoa,Kinetoplastidea (Trypanosomatida),Heteroptera,Gerridae
464,Herpetomonas muscarum,1/27/2099,2/12/2099,,,Gerris remigis,Protozoa,Euglenozoa,Kinetoplastidea (Trypanosomatida),Heteroptera,Gerridae
465,Herpetomonas muscarum,1/27/2099,2/12/2099,,,Ctenocephalides canis,Protozoa,Euglenozoa,Kinetoplastidea (Trypanosomatida),Siphonaptera,Pulicidae
466,Leptomonas ctenocephali,1/27/2099,2/12/2099,,,Musca domestica,Protozoa,Euglenozoa,Kinetoplastidea (Trypanosomatida),Diptera,Muscidae
467,Blastocrithidia gerridis,1/27/2099,2/12/2099,,,Musca domestica,Protozoa,Euglenozoa,Kinetoplastidea (Trypanosomatida),Diptera,Muscidae
468,Crithidia fasciculata,1/27/2099,2/12/2099,,,Triatoma sp.,Protozoa,Euglenozoa,Kinetoplastidea (Trypanosomatida),Heteroptera,Reduviidae
469,Bacillus alvei,3/1/2099,3/1/2099,,Larva,Simulium vittatum,Bacteria,Spore-forming bacteria,Bacillaceae,Diptera,Simuliidae
470,Nosema algerae,3/1/2099,3/1/2099,,Larva,Cnephia ornithophilia,Protozoa,Microspora,Microsporea (Microsporida),Diptera,Simuliidae
471,Nosema eurytremae,3/1/2099,3/1/2099,,Larva,Cnephia ornithophilia,Protozoa,Microspora,Microsporea (Microsporida),Diptera,Simuliidae
472,Vairimorpha necatrix,3/1/2099,3/1/2099,,Larva,Cnephia ornithophilia,Protozoa,Microspora,Microsporea (Microsporida),Diptera,Simuliidae
474,Nosema algerae,3/1/2099,3/1/2099,,Larva,Simulium verecundum,Protozoa,Microspora,Microsporea (Microsporida),Diptera,Simuliidae
475,Nosema eurytremae,3/1/2099,3/1/2099,,Larva,Simulium verecundum,Protozoa,Microspora,Microsporea (Microsporida),Diptera,Simuliidae
476,Vairimorpha necatrix,3/1/2099,3/1/2099,,Larva,Simulium verecundum,Protozoa,Microspora,Microsporea (Microsporida),Diptera,Simuliidae
477,Nosema algerae,3/1/2099,3/1/2099,,Larva,Simulium vittatum,Protozoa,Microspora,Microsporea (Microsporida),Diptera,Simuliidae
478,Nosema eurytremae,3/1/2099,3/1/2099,,Larva,Simulium vittatum,Protozoa,Microspora,Microsporea (Microsporida),Diptera,Simuliidae
479,Vairimorpha necatrix,3/1/2099,3/1/2099,,Larva,Simulium vittatum,Protozoa,Microspora,Microsporea (Microsporida),Diptera,Simuliidae
481,Nosema destructor,3/22/2099,3/22/2099,,Larva,Tenebrio molitor,Protozoa,Microspora,Microsporea (Microsporida),Coleoptera,Tenebrionidae
482,Nosema destructor,3/22/2099,3/22/2099,,Larva,Estigmene acrea,Protozoa,Microspora,Microsporea (Microsporida),Lepidoptera,Arctiidae
483,Pleistophora californica,3/22/2099,3/22/2099,,Larva,Tenebrio molitor,Protozoa,Microspora,Microsporea (Microsporida),Coleoptera,Tenebrionidae
484,Pleistophora californica,3/22/2099,3/22/2099,,Larva,Estigmene acrea,Protozoa,Microspora,Microsporea (Microsporida),Lepidoptera,Arctiidae
485,Vairimorpha necatrix,3/27/2099,3/27/2099,At least 10^5 spores per individual,Larva,Depressaria heraclina,Protozoa,Microspora,Microsporea (Microsporida),Lepidoptera,Oecophoridae
486,Nosema algerae,5/27/2099,5/27/2099,,,Coptotomus interrogatus,Protozoa,Microspora,Microsporea (Microsporida),Coleoptera,Dytiscidae
487,Nosema algerae,5/27/2099,6/14/2099,1.23 X10^7 spores,,Belostoma fluminea,Protozoa,Microspora,Microsporea (Microsporida),,
488,Nosema algerae,5/27/2099,6/14/2099,1.30 X 10^8 spores,,Ranatra australis,Protozoa,Microspora,Microsporea (Microsporida),Heteroptera,Nepidae
489,Nosema algerae,5/27/2099,5/27/2099,,,Agrotis ipsilon,Protozoa,Microspora,Microsporea (Microsporida),Lepidoptera,Noctuidae
490,Nosema algerae,5/27/2099,5/27/2099,,,Galleria mellonella,Protozoa,Microspora,Microsporea (Microsporida),Lepidoptera,Pyralidae
491,Nosema algerae,5/27/2099,6/14/2099,1.50 X 10^8 spores,,Chauliodes rastricornis,Protozoa,Microspora,Microsporea (Microsporida),Neuroptera,Corydalidae
492,Nosema algerae,5/27/2099,6/14/2099,1.02 X 10^8 spores,Larva,Anax junius,Protozoa,Microspora,Microsporea (Microsporida),Odonata,Aeshnidae
493,Nosema algerae,5/27/2099,12/28/2000,,,Nauphoeta cinerea,Protozoa,Microspora,Microsporea (Microsporida),Blattodea,Blaberidae
494,Nosema algerae,5/27/2099,5/27/2099,,,Panchlora nivea,Protozoa,Microspora,Microsporea (Microsporida),Blattodea,Blaberidae
495,Nosema algerae,5/27/2099,5/27/2099,,,Blatta orientalis,Protozoa,Microspora,Microsporea (Microsporida),Blattodea,Blattidae
496,Nosema algerae,5/27/2099,5/27/2099,,,Eurycotis floridana,Protozoa,Microspora,Microsporea (Microsporida),Blattodea,Blattidae
497,Nosema algerae,5/27/2099,5/27/2099,,,Periplaneta americana,Protozoa,Microspora,Microsporea (Microsporida),Blattodea,Blattidae
498,Nosema algerae,5/27/2099,5/27/2099,,,Corydalus cornutus,Protozoa,Microspora,Microsporea (Microsporida),Neuroptera,Corydalidae
499,Nosema gasti,5/27/2099,5/27/2099,,,Trichoplusia ni,Protozoa,Microspora,Microsporea (Microsporida),Lepidoptera,Noctuidae
500,Nosema locustae,5/27/2099,5/27/2099,,,Acheta domesticus,Protozoa,Microspora,Microsporea (Microsporida),Orthoptera,Gryllidae
501,Nosema locustae,5/27/2099,5/27/2099,,,Helicoverpa zea,Protozoa,Microspora,Microsporea (Microsporida),Lepidoptera,Noctuidae
502,Nosema locustae,5/27/2099,5/27/2099,,,Apis mellifera,Protozoa,Microspora,Microsporea (Microsporida),Hymenoptera,Apidae
503,Nosema locustae,5/27/2099,5/27/2099,,,Agrotis ipsilon,Protozoa,Microspora,Microsporea (Microsporida),Lepidoptera,Noctuidae
504,Vairimorpha necatrix,5/28/2099,5/28/2099,,,Tribolium confusum,Protozoa,Microspora,Microsporea (Microsporida),Coleoptera,Tenebrionidae
505,Nosema trichoplusiae,6/14/2099,6/14/2099,,Larva,Drosophila sp.,Protozoa,Microspora,Microsporea (Microsporida),Diptera,Drosophilidae
506,Nosema trichoplusiae,6/14/2099,6/14/2099,,Larva,Ceratitis capitata,Protozoa,Microspora,Microsporea (Microsporida),Diptera,Tephritidae
507,Nosema trichoplusiae,6/14/2099,2/23/2000,,Larva,Bactrocera cucurbitae,Protozoa,Microspora,Microsporea (Microsporida),Diptera,Tephritidae
508,Nosema trichoplusiae,6/14/2099,9/13/2000,,Larva,Bactrocera dorsalis,Protozoa,Microspora,Microsporea (Microsporida),Diptera,Tephritidae
509,Nosema algerae,6/14/2099,6/14/2099,8.37 X 10^7 spores,,Hydrophilus sp.,Protozoa,Microspora,Microsporea (Microsporida),Coleoptera,Hydrophilidae
510,Nosema heliothidis,6/16/2099,6/16/2099,,,Manduca sexta,Protozoa,Microspora,Microsporea (Microsporida),Lepidoptera,Sphingidae
511,Nosema trichoplusiae,6/16/2099,6/16/2099,,,Manduca sexta,Protozoa,Microspora,Microsporea (Microsporida),Lepidoptera,Sphingidae
512,Nosema acridophagus,6/16/2099,12/13/2000,,,Manduca sexta,Protozoa,Microspora,Microsporea (Microsporida),Lepidoptera,Sphingidae
513,Beauveria brongniartii,9/19/2099,9/19/2099,1 X 108 and 1 X 104 conidia/ml,Adult,Apis mellifera,Fungi,Deuteromycetes,unknown,Hymenoptera,Apidae
514,Beauveria brongniartii,9/19/2099,9/19/2099,"1.4 X 107 and 1.5 X 107 conidia/ml,",Adult,Apotomopterus japonicus,Fungi,Deuteromycetes,unknown,Coleoptera,Carabidae
515,Beauveria brongniartii,9/19/2099,9/19/2099,"1.4 X 107 and 1.5 X 107 conidia/ml,",Adult,Apotomopterus dehaani,Fungi,Deuteromycetes,unknown,Coleoptera,Carabidae
516,Furia pieris,9/29/2099,9/29/2099,,Larva,Lymantria dispar,Fungi,Zygomycetes,Entomophthorales,Lepidoptera,Lymantriidae
517,Furia pieris,9/29/2099,9/29/2099,,Larva,Galleria mellonella,Fungi,Zygomycetes,Entomophthorales,Lepidoptera,Pyralidae
518,Furia pieris,9/29/2099,9/29/2099,,Larva,Ostrinia nubilalis,Fungi,Zygomycetes,Entomophthorales,Lepidoptera,Pyralidae
519,Furia pieris,9/29/2099,9/29/2099,,Larva,Plodia interpunctella,Fungi,Zygomycetes,Entomophthorales,Lepidoptera,Pyralidae
520,Furia pieris,9/29/2099,9/29/2099,,,Leptinotarsa decemlineata,Fungi,Zygomycetes,Entomophthorales,Coleoptera,Chrysomelidae
521,Furia pieris,9/29/2099,9/29/2099,,,Epilachna varivestis,Fungi,Zygomycetes,Entomophthorales,Coleoptera,Coccinellidae
522,Furia pieris,9/29/2099,9/29/2099,,,Tribolium confusum,Fungi,Zygomycetes,Entomophthorales,Coleoptera,Tenebrionidae
523,Furia pieris,9/29/2099,9/29/2099,,,Aphis fabae,Fungi,Zygomycetes,Entomophthorales,Homoptera,Aphididae
524,Furia pieris,9/29/2099,9/29/2099,,,Brevicoryne brassicae,Fungi,Zygomycetes,Entomophthorales,Homoptera,Aphididae
525,Tolypocladium cylindrosporum,6/9/2000,6/9/2000,10^6 to 10 ^7 spores/ml suspensions,Larva,Trichoplusia ni,Fungi,Deuteromycetes,unknown,Lepidoptera,Noctuidae
526,Tolypocladium cylindrosporum,6/9/2000,6/9/2000,10^6 to 10 ^7 spores/ml suspensions,Larva,Mamestra brassicae,Fungi,Deuteromycetes,unknown,Lepidoptera,Noctuidae
527,Tolypocladium cylindrosporum,6/9/2000,6/9/2000,10^6 to 10 ^7 spores/ml suspensions,Larva,Galleria mellonella,Fungi,Deuteromycetes,unknown,Lepidoptera,Pyralidae
528,Tolypocladium cylindrosporum,6/9/2000,6/9/2000,10^6 to 10 ^7 spores/ml suspensions,Larva,Tenebrio molitor,Fungi,Deuteromycetes,unknown,Coleoptera,Tenebrionidae
529,Tolypocladium cylindrosporum,6/9/2000,6/9/2000,10^6 to 10 ^7 spores/ml suspensions,Adult,Sitobion avenae,Fungi,Deuteromycetes,unknown,Homoptera,Aphididae
530,Tolypocladium cylindrosporum,6/9/2000,6/9/2000,10^6 to 10 ^7 spores/ml suspensions,Nymph,Bemisia tabaci,Fungi,Deuteromycetes,unknown,Homoptera,Aleyrodidae
531,Tolypocladium cylindrosporum,6/9/2000,6/9/2000,10^6 to 10 ^7 spores/ml suspensions,Adult,Musca domestica,Fungi,Deuteromycetes,unknown,Diptera,Muscidae
532,Tolypocladium cylindrosporum,6/9/2000,6/9/2000,10^6 to 10 ^7 spores/ml suspensions,AdultNymph,Blattella germanica,Fungi,Deuteromycetes,unknown,Blattodea,Blattellidae
